customer_id,city_id
1,20
2,30
3,16
4,29
5,28
6,10
7,17
8,16
9,17
10,29
11,24
12,18
13,29
14,8
15,21
16,8
17,23
18,27
19,6
20,21
21,11
22,30
23,21
24,3
25,2
26,15
27,17
28,7
29,19
30,19
31,17
32,19
33,20
34,5
35,18
36,29
37,17
38,27
39,3
40,9
41,22
42,2
43,23
44,11
45,9
46,5
47,12
48,29
49,7
50,24
51,24
52,23
53,22
54,27
55,14
56,2
57,19
58,8
59,20
60,9
61,9
62,22
63,25
64,8
65,10
66,19
67,12
68,8
69,20
70,21
71,5
72,25
73,26
74,7
75,28
76,10
77,5
78,20
79,21
80,20
81,25
82,6
83,28
84,25
85,5
86,4
87,3
88,4
89,24
90,14
91,18
92,6
93,14
94,16
95,5
96,14
97,26
98,9
99,10
100,2
101,23
102,1
103,22
104,9
105,6
106,26
107,17
108,22
109,17
110,17
111,6
112,15
113,28
114,14
115,3
116,26
117,7
118,17
119,1
120,11
121,12
122,21
123,26
124,18
125,2
126,21
127,28
128,19
129,25
130,26
131,14
132,26
133,21
134,28
135,13
136,18
137,23
138,9
139,7
140,28
141,3
142,30
143,19
144,21
145,19
146,19
147,22
148,17
149,10
150,19
151,3
152,6
153,4
154,5
155,13
156,6
157,22
158,28
159,4
160,16
161,18
162,3
163,29
164,5
165,13
166,8
167,21
168,13
169,1
170,22
171,2
172,2
173,9
174,20
175,19
176,8
177,14
178,5
179,25
180,6
181,2
182,14
183,4
184,8
185,8
186,23
187,25
188,3
189,1
190,16
191,7
192,26
193,22
194,7
195,22
196,15
197,13
198,6
199,26
200,22
201,12
202,18
203,5
204,4
205,24
206,17
207,30
208,14
209,21
210,23
211,15
212,22
213,14
214,11
215,16
216,18
217,19
218,22
219,3
220,2
221,8
222,4
223,18
224,19
225,3
226,4
227,10
228,8
229,15
230,19
231,8
232,4
233,20
234,20
235,5
236,8
237,6
238,20
239,30
240,27
241,14
242,1
243,6
244,18
245,16
246,15
247,20
248,1
249,22
250,15
251,6
252,19
253,20
254,17
255,5
256,15
257,1
258,28
259,7
260,12
261,11
262,15
263,26
264,1
265,23
266,4
267,21
268,2
269,25
270,22
271,14
272,6
273,5
274,24
275,17
276,16
277,30
278,17
279,15
280,16
281,11
282,25
283,5
284,24
285,3
286,26
287,20
288,29
289,14
290,23
291,15
292,2
293,6
294,24
295,19
296,29
297,26
298,18
299,21
300,3
301,25
302,27
303,3
304,26
305,17
306,22
307,3
308,21
309,28
310,27
311,2
312,14
313,10
314,6
315,9
316,12
317,15
318,11
319,9
320,14
321,7
322,7
323,7
324,1
325,6
326,6
327,15
328,30
329,9
330,11
331,15
332,7
333,4
334,28
335,20
336,8
337,3
338,22
339,25
340,24
341,1
342,19
343,15
344,21
345,11
346,7
347,13
348,3
349,9
350,29
351,11
352,8
353,4
354,19
355,7
356,17
357,23
358,26
359,4
360,26
361,22
362,24
363,19
364,26
365,23
366,26
367,24
368,14
369,19
370,30
371,11
372,23
373,9
374,18
375,3
376,15
377,19
378,8
379,11
380,29
381,8
382,29
383,2
384,24
385,25
386,1
387,7
388,8
389,2
390,10
391,5
392,29
393,28
394,4
395,25
396,28
397,26
398,15
399,20
400,10
401,17
402,26
403,5
404,26
405,23
406,30
407,2
408,23
409,27
410,19
411,8
412,9
413,25
414,20
415,3
416,27
417,12
418,9
419,30
420,22
421,11
422,19
423,11
424,11
425,18
426,11
427,3
428,30
429,29
430,24
431,10
432,6
433,20
434,15
435,19
436,20
437,8
438,14
439,23
440,6
441,6
442,29
443,15
444,17
445,29
446,23
447,15
448,3
449,4
450,10
451,16
452,22
453,30
454,26
455,20
456,10
457,28
458,13
459,8
460,13
461,1
462,11
463,30
464,9
465,8
466,10
467,10
468,15
469,2
470,22
471,10
472,29
473,7
474,28
475,18
476,26
477,24
478,3
479,29
480,26
481,5
482,19
483,10
484,26
485,3
486,13
487,1
488,17
489,19
490,8
491,5
492,25
493,21
494,6
495,26
496,3
497,15
498,5
499,4
500,5
501,20
502,2
503,29
504,16
505,17
506,2
507,22
508,20
509,28
510,4
511,17
512,23
513,5
514,22
515,22
516,14
517,9
518,29
519,30
520,14
521,20
522,1
523,23
524,14
525,25
526,24
527,30
528,5
529,28
530,25
531,10
532,12
533,12
534,27
535,15
536,27
537,15
538,14
539,9
540,20
541,2
542,11
543,8
544,20
545,3
546,26
547,28
548,9
549,1
550,9
551,14
552,10
553,9
554,28
555,25
556,30
557,13
558,30
559,5
560,24
561,5
562,3
563,29
564,22
565,23
566,22
567,18
568,30
569,24
570,17
571,12
572,11
573,17
574,14
575,26
576,29
577,10
578,21
579,7
580,20
581,23
582,25
583,2
584,3
585,16
586,29
587,21
588,2
589,23
590,1
591,6
592,4
593,26
594,10
595,23
596,30
597,27
598,28
599,25
600,26
601,13
602,22
603,30
604,21
605,15
606,13
607,23
608,5
609,12
610,3
611,1
612,1
613,25
614,16
615,6
616,17
617,23
618,10
619,20
620,22
621,30
622,7
623,22
624,19
625,12
626,12
627,21
628,7
629,23
630,22
631,30
632,1
633,20
634,15
635,2
636,6
637,2
638,26
639,21
640,27
641,21
642,27
643,26
644,17
645,29
646,9
647,16
648,25
649,6
650,10
651,12
652,10
653,16
654,29
655,25
656,4
657,3
658,12
659,5
660,18
661,27
662,9
663,4
664,15
665,13
666,3
667,28
668,6
669,9
670,5
671,17
672,5
673,30
674,20
675,5
676,29
677,26
678,18
679,29
680,28
681,30
682,29
683,11
684,8
685,16
686,6
687,27
688,1
689,4
690,15
691,28
692,27
693,21
694,4
695,2
696,10
697,22
698,9
699,7
700,9
701,17
702,16
703,12
704,22
705,2
706,24
707,27
708,14
709,4
710,3
711,27
712,29
713,11
714,13
715,17
716,24
717,9
718,11
719,7
720,10
721,18
722,17
723,9
724,22
725,3
726,4
727,24
728,9
729,17
730,5
731,25
732,28
733,19
734,8
735,5
736,10
737,6
738,19
739,24
740,30
741,12
742,25
743,8
744,25
745,15
746,17
747,13
748,13
749,2
750,15
751,19
752,23
753,5
754,13
755,18
756,18
757,27
758,11
759,30
760,11
761,15
762,15
763,30
764,25
765,10
766,20
767,10
768,28
769,29
770,3
771,29
772,6
773,20
774,12
775,7
776,2
777,11
778,29
779,18
780,5
781,11
782,4
783,1
784,16
785,29
786,3
787,10
788,23
789,5
790,1
791,18
792,26
793,22
794,10
795,22
796,11
797,25
798,11
799,17
800,18
801,15
802,13
803,22
804,26
805,10
806,11
807,13
808,13
809,1
810,27
811,22
812,9
813,6
814,2
815,12
816,23
817,3
818,3
819,30
820,23
821,1
822,23
823,10
824,18
825,5
826,25
827,11
828,21
829,8
830,3
831,20
832,17
833,10
834,5
835,25
836,23
837,8
838,9
839,16
840,17
841,29
842,27
843,4
844,6
845,29
846,29
847,24
848,14
849,2
850,13
851,15
852,28
853,23
854,11
855,19
856,23
857,15
858,19
859,3
860,13
861,5
862,7
863,14
864,10
865,17
866,30
867,22
868,29
869,10
870,20
871,16
872,19
873,4
874,23
875,6
876,24
877,3
878,10
879,30
880,16
881,24
882,28
883,17
884,16
885,5
886,11
887,9
888,30
889,7
890,23
891,12
892,26
893,10
894,20
895,4
896,27
897,5
898,1
899,5
900,16
901,13
902,5
903,25
904,22
905,21
906,9
907,29
908,14
909,4
910,11
911,23
912,15
913,13
914,4
915,19
916,30
917,18
918,4
919,26
920,24
921,15
922,26
923,29
924,30
925,15
926,17
927,8
928,22
929,5
930,25
931,10
932,4
933,8
934,14
935,27
936,3
937,1
938,4
939,1
940,1
941,8
942,25
943,13
944,17
945,15
946,15
947,10
948,21
949,30
950,4
951,23
952,15
953,23
954,27
955,3
956,5
957,25
958,25
959,13
960,6
961,19
962,9
963,8
964,29
965,14
966,12
967,2
968,28
969,19
970,30
971,21
972,25
973,25
974,26
975,22
976,19
977,29
978,11
979,13
980,14
981,14
982,21
983,24
984,12
985,18
986,16
987,26
988,21
989,17
990,12
991,11
992,17
993,19
994,10
995,27
996,10
997,1
998,3
999,21
1000,14
1001,22
1002,22
1003,20
1004,23
1005,25
1006,28
1007,8
1008,3
1009,24
1010,8
1011,6
1012,17
1013,25
1014,6
1015,17
1016,6
1017,27
1018,27
1019,9
1020,21
1021,2
1022,3
1023,15
1024,26
1025,3
1026,29
1027,5
1028,10
1029,23
1030,1
1031,25
1032,7
1033,2
1034,17
1035,19
1036,4
1037,8
1038,16
1039,11
1040,9
1041,16
1042,9
1043,14
1044,4
1045,16
1046,18
1047,20
1048,14
1049,13
1050,5
1051,22
1052,28
1053,2
1054,2
1055,29
1056,14
1057,9
1058,21
1059,12
1060,27
1061,3
1062,5
1063,22
1064,3
1065,6
1066,20
1067,21
1068,30
1069,5
1070,2
1071,30
1072,15
1073,16
1074,14
1075,26
1076,4
1077,26
1078,27
1079,14
1080,9
1081,4
1082,13
1083,10
1084,9
1085,23
1086,4
1087,11
1088,17
1089,21
1090,3
1091,25
1092,18
1093,8
1094,10
1095,15
1096,10
1097,24
1098,6
1099,23
1100,8
1101,25
1102,4
1103,2
1104,13
1105,16
1106,26
1107,3
1108,28
1109,14
1110,18
1111,1
1112,20
1113,9
1114,16
1115,16
1116,22
1117,21
1118,25
1119,28
1120,7
1121,8
1122,6
1123,30
1124,13
1125,25
1126,18
1127,22
1128,29
1129,23
1130,9
1131,12
1132,6
1133,27
1134,23
1135,14
1136,10
1137,10
1138,14
1139,20
1140,23
1141,27
1142,26
1143,3
1144,7
1145,28
1146,23
1147,16
1148,23
1149,7
1150,22
1151,1
1152,11
1153,14
1154,4
1155,7
1156,18
1157,4
1158,4
1159,10
1160,27
1161,1
1162,1
1163,16
1164,20
1165,10
1166,9
1167,29
1168,27
1169,8
1170,28
1171,13
1172,12
1173,28
1174,8
1175,19
1176,3
1177,11
1178,5
1179,28
1180,3
1181,12
1182,24
1183,26
1184,11
1185,27
1186,16
1187,1
1188,16
1189,10
1190,21
1191,29
1192,3
1193,25
1194,9
1195,26
1196,4
1197,11
1198,30
1199,19
1200,12
1201,10
1202,21
1203,18
1204,2
1205,15
1206,28
1207,24
1208,13
1209,12
1210,30
1211,29
1212,18
1213,16
1214,19
1215,4
1216,14
1217,15
1218,12
1219,29
1220,1
1221,11
1222,23
1223,23
1224,18
1225,13
1226,19
1227,17
1228,3
1229,18
1230,30
1231,16
1232,12
1233,5
1234,8
1235,11
1236,25
1237,6
1238,6
1239,4
1240,2
1241,6
1242,28
1243,16
1244,8
1245,5
1246,17
1247,17
1248,9
1249,29
1250,20
1251,21
1252,17
1253,9
1254,20
1255,17
1256,25
1257,24
1258,14
1259,16
1260,4
1261,26
1262,4
1263,8
1264,1
1265,2
1266,23
1267,17
1268,27
1269,4
1270,30
1271,4
1272,8
1273,6
1274,24
1275,16
1276,12
1277,6
1278,29
1279,7
1280,8
1281,4
1282,11
1283,27
1284,12
1285,30
1286,4
1287,13
1288,7
1289,16
1290,28
1291,11
1292,22
1293,15
1294,11
1295,18
1296,12
1297,6
1298,18
1299,20
1300,21
1301,29
1302,11
1303,18
1304,25
1305,17
1306,9
1307,22
1308,3
1309,24
1310,30
1311,2
1312,29
1313,11
1314,5
1315,30
1316,11
1317,19
1318,7
1319,16
1320,11
1321,8
1322,16
1323,30
1324,29
1325,7
1326,14
1327,16
1328,20
1329,29
1330,3
1331,26
1332,26
1333,24
1334,1
1335,23
1336,2
1337,11
1338,1
1339,24
1340,29
1341,1
1342,1
1343,16
1344,30
1345,12
1346,23
1347,9
1348,28
1349,6
1350,1
1351,30
1352,3
1353,2
1354,2
1355,24
1356,24
1357,16
1358,12
1359,27
1360,30
1361,29
1362,15
1363,22
1364,17
1365,29
1366,8
1367,3
1368,23
1369,22
1370,14
1371,23
1372,27
1373,26
1374,15
1375,27
1376,9
1377,14
1378,11
1379,6
1380,7
1381,5
1382,2
1383,7
1384,13
1385,25
1386,30
1387,4
1388,2
1389,18
1390,24
1391,10
1392,1
1393,28
1394,16
1395,12
1396,14
1397,9
1398,10
1399,4
1400,13
1401,13
1402,30
1403,25
1404,5
1405,4
1406,19
1407,26
1408,11
1409,18
1410,3
1411,16
1412,16
1413,20
1414,27
1415,3
1416,18
1417,6
1418,11
1419,22
1420,7
1421,6
1422,2
1423,26
1424,14
1425,18
1426,12
1427,20
1428,18
1429,25
1430,7
1431,11
1432,28
1433,19
1434,29
1435,21
1436,28
1437,25
1438,3
1439,11
1440,25
1441,25
1442,18
1443,9
1444,13
1445,8
1446,18
1447,30
1448,25
1449,6
1450,16
1451,21
1452,4
1453,17
1454,16
1455,2
1456,30
1457,18
1458,26
1459,6
1460,28
1461,11
1462,19
1463,14
1464,22
1465,28
1466,16
1467,25
1468,9
1469,6
1470,18
1471,11
1472,9
1473,18
1474,29
1475,11
1476,22
1477,8
1478,28
1479,25
1480,24
1481,11
1482,26
1483,18
1484,5
1485,5
1486,4
1487,8
1488,20
1489,30
1490,17
1491,14
1492,8
1493,6
1494,10
1495,21
1496,19
1497,27
1498,26
1499,23
1500,19
1501,19
1502,11
1503,19
1504,17
1505,1
1506,24
1507,6
1508,9
1509,1
1510,10
1511,17
1512,7
1513,12
1514,30
1515,23
1516,22
1517,13
1518,13
1519,22
1520,28
1521,22
1522,30
1523,17
1524,4
1525,17
1526,15
1527,7
1528,7
1529,8
1530,9
1531,28
1532,22
1533,6
1534,15
1535,28
1536,2
1537,29
1538,25
1539,15
1540,19
1541,11
1542,21
1543,17
1544,16
1545,16
1546,4
1547,23
1548,23
1549,29
1550,25
1551,29
1552,16
1553,20
1554,17
1555,2
1556,28
1557,17
1558,13
1559,1
1560,8
1561,24
1562,7
1563,25
1564,13
1565,4
1566,1
1567,21
1568,11
1569,19
1570,18
1571,24
1572,1
1573,1
1574,27
1575,25
1576,13
1577,11
1578,24
1579,15
1580,30
1581,21
1582,30
1583,19
1584,12
1585,18
1586,21
1587,2
1588,3
1589,21
1590,21
1591,22
1592,4
1593,4
1594,21
1595,26
1596,27
1597,7
1598,14
1599,28
1600,6
1601,30
1602,11
1603,8
1604,16
1605,26
1606,2
1607,6
1608,21
1609,1
1610,17
1611,16
1612,2
1613,5
1614,20
1615,6
1616,19
1617,24
1618,5
1619,10
1620,8
1621,19
1622,6
1623,11
1624,6
1625,2
1626,2
1627,28
1628,1
1629,27
1630,24
1631,8
1632,11
1633,12
1634,10
1635,10
1636,8
1637,8
1638,20
1639,3
1640,14
1641,30
1642,18
1643,13
1644,5
1645,2
1646,6
1647,12
1648,24
1649,9
1650,23
1651,22
1652,18
1653,14
1654,24
1655,23
1656,10
1657,9
1658,13
1659,2
1660,19
1661,9
1662,17
1663,11
1664,21
1665,24
1666,27
1667,2
1668,28
1669,13
1670,7
1671,17
1672,24
1673,29
1674,26
1675,27
1676,13
1677,20
1678,11
1679,11
1680,13
1681,29
1682,6
1683,17
1684,16
1685,21
1686,11
1687,16
1688,14
1689,29
1690,30
1691,2
1692,23
1693,1
1694,28
1695,10
1696,25
1697,21
1698,30
1699,22
1700,20
1701,24
1702,22
1703,21
1704,8
1705,6
1706,14
1707,1
1708,23
1709,7
1710,30
1711,11
1712,19
1713,11
1714,10
1715,20
1716,11
1717,16
1718,15
1719,7
1720,27
1721,24
1722,16
1723,27
1724,9
1725,28
1726,2
1727,17
1728,12
1729,24
1730,7
1731,23
1732,7
1733,30
1734,29
1735,27
1736,2
1737,21
1738,26
1739,4
1740,19
1741,7
1742,4
1743,17
1744,4
1745,6
1746,22
1747,8
1748,18
1749,28
1750,25
1751,3
1752,20
1753,20
1754,29
1755,15
1756,8
1757,16
1758,8
1759,26
1760,8
1761,23
1762,2
1763,2
1764,29
1765,24
1766,15
1767,24
1768,1
1769,5
1770,23
1771,20
1772,2
1773,13
1774,26
1775,28
1776,20
1777,26
1778,4
1779,1
1780,22
1781,23
1782,22
1783,15
1784,29
1785,20
1786,11
1787,7
1788,1
1789,28
1790,23
1791,8
1792,25
1793,6
1794,14
1795,30
1796,27
1797,18
1798,25
1799,4
1800,3
1801,17
1802,20
1803,7
1804,21
1805,27
1806,7
1807,17
1808,17
1809,10
1810,6
1811,11
1812,28
1813,6
1814,15
1815,7
1816,23
1817,22
1818,27
1819,23
1820,8
1821,9
1822,23
1823,9
1824,25
1825,1
1826,25
1827,30
1828,8
1829,1
1830,8
1831,13
1832,12
1833,9
1834,11
1835,5
1836,7
1837,5
1838,19
1839,13
1840,4
1841,22
1842,4
1843,2
1844,16
1845,25
1846,30
1847,6
1848,9
1849,22
1850,12
1851,10
1852,3
1853,6
1854,1
1855,2
1856,28
1857,6
1858,30
1859,27
1860,1
1861,17
1862,24
1863,8
1864,27
1865,24
1866,18
1867,9
1868,9
1869,28
1870,6
1871,17
1872,26
1873,13
1874,1
1875,5
1876,27
1877,3
1878,21
1879,12
1880,27
1881,15
1882,24
1883,30
1884,5
1885,4
1886,6
1887,2
1888,15
1889,22
1890,7
1891,17
1892,16
1893,12
1894,9
1895,3
1896,15
1897,28
1898,9
1899,12
1900,22
1901,27
1902,25
1903,7
1904,2
1905,21
1906,27
1907,10
1908,28
1909,21
1910,20
1911,15
1912,12
1913,22
1914,15
1915,16
1916,27
1917,29
1918,16
1919,26
1920,23
1921,6
1922,21
1923,18
1924,16
1925,23
1926,30
1927,26
1928,16
1929,11
1930,30
1931,23
1932,29
1933,24
1934,13
1935,27
1936,22
1937,16
1938,10
1939,23
1940,12
1941,9
1942,2
1943,28
1944,24
1945,9
1946,3
1947,13
1948,24
1949,10
1950,29
1951,3
1952,9
1953,26
1954,7
1955,21
1956,21
1957,23
1958,5
1959,20
1960,30
1961,8
1962,14
1963,29
1964,30
1965,23
1966,1
1967,10
1968,4
1969,7
1970,10
1971,6
1972,29
1973,10
1974,6
1975,11
1976,18
1977,25
1978,20
1979,7
1980,16
1981,23
1982,24
1983,10
1984,4
1985,8
1986,16
1987,20
1988,11
1989,5
1990,12
1991,26
1992,1
1993,17
1994,24
1995,7
1996,5
1997,29
1998,6
1999,30
2000,15
2001,22
2002,16
2003,7
2004,4
2005,25
2006,29
2007,3
2008,3
2009,11
2010,18
2011,26
2012,8
2013,16
2014,12
2015,25
2016,3
2017,4
2018,17
2019,24
2020,15
2021,19
2022,7
2023,8
2024,28
2025,23
2026,27
2027,1
2028,21
2029,17
2030,3
2031,4
2032,14
2033,3
2034,24
2035,26
2036,5
2037,20
2038,9
2039,21
2040,30
2041,19
2042,18
2043,27
2044,8
2045,18
2046,24
2047,25
2048,9
2049,15
2050,11
2051,19
2052,11
2053,5
2054,17
2055,10
2056,23
2057,24
2058,8
2059,24
2060,30
2061,27
2062,28
2063,5
2064,9
2065,1
2066,19
2067,3
2068,20
2069,21
2070,15
2071,28
2072,19
2073,13
2074,29
2075,24
2076,21
2077,3
2078,2
2079,25
2080,20
2081,10
2082,5
2083,26
2084,19
2085,22
2086,9
2087,28
2088,24
2089,2
2090,7
2091,26
2092,9
2093,3
2094,25
2095,12
2096,17
2097,4
2098,4
2099,3
2100,14
2101,14
2102,24
2103,11
2104,20
2105,10
2106,14
2107,17
2108,22
2109,26
2110,22
2111,9
2112,21
2113,6
2114,9
2115,8
2116,29
2117,16
2118,7
2119,15
2120,21
2121,1
2122,25
2123,14
2124,10
2125,15
2126,11
2127,14
2128,8
2129,23
2130,11
2131,12
2132,5
2133,7
2134,3
2135,30
2136,1
2137,24
2138,3
2139,30
2140,19
2141,16
2142,15
2143,2
2144,3
2145,27
2146,27
2147,10
2148,25
2149,8
2150,19
2151,6
2152,24
2153,30
2154,19
2155,23
2156,22
2157,29
2158,24
2159,10
2160,25
2161,24
2162,25
2163,16
2164,7
2165,19
2166,14
2167,17
2168,29
2169,17
2170,9
2171,8
2172,6
2173,12
2174,18
2175,11
2176,29
2177,2
2178,13
2179,5
2180,18
2181,25
2182,5
2183,22
2184,15
2185,23
2186,4
2187,20
2188,22
2189,2
2190,29
2191,20
2192,22
2193,27
2194,19
2195,19
2196,21
2197,12
2198,25
2199,23
2200,30
2201,17
2202,16
2203,22
2204,30
2205,30
2206,30
2207,12
2208,14
2209,30
2210,30
2211,10
2212,11
2213,28
2214,1
2215,26
2216,26
2217,11
2218,12
2219,28
2220,25
2221,28
2222,12
2223,30
2224,27
2225,22
2226,5
2227,16
2228,2
2229,19
2230,17
2231,27
2232,19
2233,25
2234,8
2235,20
2236,8
2237,23
2238,22
2239,7
2240,16
2241,4
2242,26
2243,22
2244,25
2245,7
2246,30
2247,9
2248,29
2249,4
2250,5
2251,5
2252,5
2253,6
2254,5
2255,12
2256,19
2257,28
2258,6
2259,9
2260,11
2261,9
2262,19
2263,25
2264,20
2265,17
2266,8
2267,15
2268,4
2269,2
2270,19
2271,29
2272,15
2273,30
2274,19
2275,6
2276,28
2277,29
2278,4
2279,16
2280,5
2281,29
2282,18
2283,16
2284,3
2285,30
2286,23
2287,25
2288,12
2289,20
2290,15
2291,24
2292,17
2293,17
2294,21
2295,14
2296,18
2297,12
2298,28
2299,25
2300,11
2301,24
2302,6
2303,6
2304,2
2305,7
2306,12
2307,15
2308,5
2309,22
2310,21
2311,5
2312,2
2313,1
2314,7
2315,11
2316,9
2317,28
2318,20
2319,23
2320,14
2321,7
2322,30
2323,30
2324,22
2325,8
2326,17
2327,10
2328,3
2329,12
2330,5
2331,2
2332,16
2333,23
2334,10
2335,4
2336,10
2337,20
2338,23
2339,25
2340,19
2341,14
2342,2
2343,30
2344,16
2345,11
2346,5
2347,21
2348,3
2349,7
2350,27
2351,27
2352,25
2353,24
2354,13
2355,15
2356,5
2357,21
2358,28
2359,28
2360,10
2361,12
2362,26
2363,28
2364,23
2365,18
2366,8
2367,14
2368,22
2369,27
2370,13
2371,27
2372,27
2373,2
2374,14
2375,18
2376,30
2377,20
2378,5
2379,29
2380,7
2381,8
2382,4
2383,24
2384,26
2385,17
2386,2
2387,23
2388,14
2389,10
2390,7
2391,16
2392,5
2393,12
2394,30
2395,15
2396,16
2397,8
2398,1
2399,26
2400,2
2401,22
2402,19
2403,9
2404,8
2405,7
2406,21
2407,2
2408,1
2409,10
2410,30
2411,6
2412,20
2413,14
2414,13
2415,18
2416,26
2417,9
2418,20
2419,30
2420,23
2421,24
2422,9
2423,13
2424,9
2425,29
2426,29
2427,26
2428,8
2429,24
2430,22
2431,3
2432,30
2433,22
2434,6
2435,23
2436,26
2437,14
2438,30
2439,8
2440,19
2441,24
2442,11
2443,12
2444,18
2445,20
2446,23
2447,18
2448,2
2449,15
2450,29
2451,22
2452,7
2453,28
2454,23
2455,18
2456,26
2457,23
2458,1
2459,5
2460,8
2461,22
2462,3
2463,16
2464,20
2465,14
2466,13
2467,5
2468,23
2469,28
2470,3
2471,3
2472,19
2473,20
2474,13
2475,23
2476,18
2477,6
2478,12
2479,26
2480,1
2481,22
2482,29
2483,12
2484,9
2485,13
2486,29
2487,17
2488,3
2489,27
2490,3
2491,18
2492,30
2493,13
2494,27
2495,16
2496,11
2497,15
2498,11
2499,14
2500,26
2501,27
2502,29
2503,20
2504,3
2505,29
2506,9
2507,30
2508,23
2509,8
2510,21
2511,8
2512,15
2513,1
2514,2
2515,20
2516,4
2517,24
2518,20
2519,23
2520,3
2521,19
2522,5
2523,23
2524,29
2525,23
2526,7
2527,22
2528,18
2529,20
2530,11
2531,8
2532,2
2533,29
2534,22
2535,2
2536,27
2537,20
2538,18
2539,23
2540,7
2541,8
2542,16
2543,3
2544,27
2545,19
2546,12
2547,1
2548,18
2549,8
2550,17
2551,22
2552,27
2553,7
2554,10
2555,24
2556,5
2557,27
2558,9
2559,30
2560,11
2561,27
2562,17
2563,9
2564,26
2565,6
2566,17
2567,16
2568,2
2569,28
2570,24
2571,3
2572,28
2573,2
2574,5
2575,7
2576,28
2577,19
2578,12
2579,4
2580,4
2581,5
2582,27
2583,26
2584,8
2585,20
2586,12
2587,15
2588,1
2589,2
2590,1
2591,9
2592,12
2593,3
2594,11
2595,26
2596,30
2597,11
2598,2
2599,9
2600,9
2601,10
2602,16
2603,27
2604,21
2605,19
2606,13
2607,11
2608,16
2609,16
2610,3
2611,27
2612,23
2613,12
2614,24
2615,24
2616,28
2617,19
2618,24
2619,14
2620,29
2621,6
2622,8
2623,24
2624,7
2625,1
2626,12
2627,2
2628,17
2629,20
2630,5
2631,12
2632,23
2633,15
2634,22
2635,4
2636,13
2637,9
2638,16
2639,18
2640,29
2641,17
2642,14
2643,20
2644,11
2645,24
2646,23
2647,2
2648,22
2649,25
2650,26
2651,6
2652,10
2653,10
2654,22
2655,21
2656,21
2657,10
2658,18
2659,29
2660,18
2661,15
2662,8
2663,15
2664,5
2665,19
2666,3
2667,30
2668,24
2669,16
2670,28
2671,22
2672,13
2673,5
2674,20
2675,18
2676,6
2677,29
2678,25
2679,28
2680,29
2681,8
2682,22
2683,20
2684,9
2685,14
2686,16
2687,27
2688,4
2689,18
2690,4
2691,21
2692,2
2693,24
2694,7
2695,7
2696,25
2697,13
2698,29
2699,19
2700,27
2701,1
2702,22
2703,7
2704,14
2705,21
2706,21
2707,6
2708,17
2709,10
2710,21
2711,20
2712,1
2713,27
2714,8
2715,13
2716,23
2717,21
2718,9
2719,26
2720,24
2721,10
2722,5
2723,28
2724,15
2725,22
2726,7
2727,5
2728,16
2729,7
2730,8
2731,16
2732,5
2733,1
2734,28
2735,20
2736,16
2737,13
2738,16
2739,5
2740,21
2741,25
2742,7
2743,7
2744,13
2745,22
2746,5
2747,20
2748,23
2749,1
2750,18
2751,22
2752,12
2753,4
2754,25
2755,16
2756,1
2757,29
2758,27
2759,22
2760,19
2761,24
2762,1
2763,6
2764,16
2765,20
2766,30
2767,7
2768,16
2769,1
2770,14
2771,15
2772,14
2773,17
2774,10
2775,20
2776,27
2777,13
2778,16
2779,18
2780,20
2781,3
2782,2
2783,11
2784,4
2785,13
2786,15
2787,14
2788,10
2789,14
2790,4
2791,23
2792,20
2793,29
2794,6
2795,18
2796,21
2797,5
2798,22
2799,15
2800,20
2801,26
2802,28
2803,19
2804,1
2805,2
2806,4
2807,19
2808,5
2809,14
2810,30
2811,17
2812,4
2813,18
2814,5
2815,19
2816,13
2817,24
2818,21
2819,8
2820,6
2821,28
2822,2
2823,29
2824,4
2825,22
2826,13
2827,17
2828,7
2829,25
2830,27
2831,25
2832,20
2833,28
2834,13
2835,24
2836,2
2837,29
2838,28
2839,6
2840,30
2841,5
2842,24
2843,14
2844,5
2845,12
2846,5
2847,29
2848,19
2849,19
2850,1
2851,18
2852,10
2853,20
2854,30
2855,25
2856,17
2857,24
2858,5
2859,29
2860,17
2861,21
2862,22
2863,20
2864,20
2865,19
2866,27
2867,18
2868,24
2869,8
2870,10
2871,17
2872,1
2873,4
2874,2
2875,9
2876,1
2877,26
2878,24
2879,7
2880,14
2881,18
2882,24
2883,11
2884,3
2885,5
2886,26
2887,28
2888,5
2889,16
2890,18
2891,26
2892,21
2893,4
2894,26
2895,28
2896,5
2897,2
2898,17
2899,19
2900,20
2901,4
2902,7
2903,29
2904,29
2905,4
2906,7
2907,18
2908,3
2909,4
2910,29
2911,2
2912,1
2913,6
2914,27
2915,14
2916,13
2917,6
2918,28
2919,18
2920,16
2921,13
2922,30
2923,27
2924,6
2925,19
2926,14
2927,20
2928,30
2929,30
2930,28
2931,19
2932,28
2933,3
2934,26
2935,11
2936,23
2937,7
2938,25
2939,5
2940,13
2941,26
2942,3
2943,21
2944,10
2945,8
2946,7
2947,19
2948,4
2949,22
2950,7
2951,25
2952,14
2953,22
2954,20
2955,6
2956,1
2957,23
2958,11
2959,18
2960,1
2961,10
2962,29
2963,4
2964,11
2965,10
2966,17
2967,16
2968,30
2969,8
2970,10
2971,14
2972,2
2973,1
2974,24
2975,14
2976,21
2977,14
2978,28
2979,8
2980,28
2981,16
2982,9
2983,2
2984,2
2985,23
2986,17
2987,13
2988,4
2989,27
2990,11
2991,26
2992,25
2993,3
2994,6
2995,2
2996,20
2997,30
2998,16
2999,10
3000,23
3001,17
3002,26
3003,2
3004,29
3005,12
3006,23
3007,20
3008,9
3009,14
3010,15
3011,21
3012,20
3013,1
3014,17
3015,10
3016,14
3017,3
3018,20
3019,23
3020,6
3021,9
3022,22
3023,28
3024,22
3025,30
3026,1
3027,3
3028,24
3029,15
3030,30
3031,12
3032,19
3033,9
3034,24
3035,13
3036,14
3037,17
3038,18
3039,4
3040,1
3041,25
3042,12
3043,19
3044,20
3045,1
3046,23
3047,5
3048,28
3049,8
3050,29
3051,18
3052,15
3053,15
3054,27
3055,24
3056,7
3057,18
3058,13
3059,15
3060,10
3061,16
3062,7
3063,15
3064,30
3065,28
3066,7
3067,30
3068,9
3069,26
3070,27
3071,9
3072,24
3073,30
3074,17
3075,23
3076,12
3077,24
3078,2
3079,2
3080,27
3081,28
3082,14
3083,21
3084,1
3085,29
3086,22
3087,27
3088,30
3089,1
3090,5
3091,25
3092,9
3093,26
3094,29
3095,13
3096,14
3097,16
3098,9
3099,9
3100,29
3101,13
3102,10
3103,6
3104,29
3105,24
3106,29
3107,19
3108,16
3109,19
3110,15
3111,6
3112,20
3113,27
3114,15
3115,30
3116,11
3117,15
3118,22
3119,15
3120,28
3121,1
3122,17
3123,22
3124,9
3125,5
3126,11
3127,16
3128,28
3129,26
3130,20
3131,29
3132,6
3133,30
3134,20
3135,15
3136,13
3137,29
3138,7
3139,14
3140,28
3141,23
3142,26
3143,15
3144,23
3145,29
3146,6
3147,22
3148,5
3149,10
3150,20
3151,3
3152,15
3153,17
3154,11
3155,20
3156,24
3157,24
3158,12
3159,22
3160,18
3161,3
3162,16
3163,14
3164,3
3165,15
3166,7
3167,2
3168,14
3169,25
3170,16
3171,12
3172,24
3173,18
3174,24
3175,30
3176,13
3177,2
3178,22
3179,27
3180,6
3181,1
3182,4
3183,4
3184,16
3185,13
3186,15
3187,30
3188,28
3189,25
3190,8
3191,25
3192,13
3193,13
3194,10
3195,7
3196,26
3197,22
3198,8
3199,5
3200,13
3201,6
3202,18
3203,16
3204,12
3205,10
3206,1
3207,15
3208,3
3209,20
3210,1
3211,30
3212,1
3213,29
3214,27
3215,30
3216,21
3217,1
3218,6
3219,20
3220,13
3221,8
3222,6
3223,9
3224,23
3225,16
3226,15
3227,14
3228,19
3229,30
3230,27
3231,11
3232,30
3233,26
3234,18
3235,18
3236,7
3237,4
3238,8
3239,7
3240,22
3241,19
3242,10
3243,10
3244,10
3245,25
3246,24
3247,10
3248,18
3249,14
3250,29
3251,30
3252,5
3253,4
3254,5
3255,29
3256,28
3257,30
3258,16
3259,26
3260,15
3261,1
3262,4
3263,4
3264,11
3265,8
3266,23
3267,24
3268,22
3269,10
3270,11
3271,22
3272,24
3273,27
3274,19
3275,25
3276,13
3277,9
3278,22
3279,11
3280,8
3281,10
3282,15
3283,6
3284,21
3285,1
3286,4
3287,1
3288,8
3289,30
3290,7
3291,8
3292,3
3293,7
3294,1
3295,29
3296,24
3297,6
3298,27
3299,23
3300,14
3301,2
3302,3
3303,18
3304,14
3305,3
3306,14
3307,10
3308,19
3309,24
3310,22
3311,9
3312,15
3313,28
3314,13
3315,1
3316,23
3317,14
3318,29
3319,1
3320,10
3321,8
3322,28
3323,5
3324,21
3325,16
3326,5
3327,11
3328,29
3329,27
3330,15
3331,27
3332,26
3333,3
3334,21
3335,15
3336,4
3337,21
3338,2
3339,5
3340,28
3341,19
3342,15
3343,17
3344,23
3345,28
3346,7
3347,6
3348,26
3349,24
3350,5
3351,18
3352,11
3353,18
3354,23
3355,5
3356,22
3357,1
3358,29
3359,8
3360,26
3361,27
3362,23
3363,11
3364,5
3365,6
3366,17
3367,5
3368,20
3369,25
3370,25
3371,27
3372,8
3373,5
3374,19
3375,10
3376,16
3377,22
3378,23
3379,23
3380,27
3381,21
3382,3
3383,24
3384,28
3385,23
3386,16
3387,15
3388,29
3389,2
3390,1
3391,7
3392,27
3393,22
3394,26
3395,11
3396,28
3397,27
3398,10
3399,3
3400,24
3401,7
3402,13
3403,4
3404,14
3405,5
3406,21
3407,23
3408,25
3409,14
3410,2
3411,23
3412,7
3413,23
3414,10
3415,2
3416,20
3417,22
3418,1
3419,20
3420,12
3421,24
3422,18
3423,27
3424,9
3425,13
3426,4
3427,11
3428,25
3429,29
3430,1
3431,3
3432,12
3433,22
3434,3
3435,22
3436,17
3437,25
3438,20
3439,26
3440,22
3441,18
3442,6
3443,16
3444,3
3445,2
3446,27
3447,17
3448,20
3449,17
3450,25
3451,3
3452,28
3453,8
3454,9
3455,22
3456,25
3457,20
3458,23
3459,7
3460,24
3461,10
3462,2
3463,26
3464,19
3465,8
3466,16
3467,19
3468,5
3469,1
3470,13
3471,11
3472,24
3473,10
3474,6
3475,12
3476,6
3477,9
3478,18
3479,27
3480,17
3481,16
3482,30
3483,26
3484,23
3485,21
3486,16
3487,13
3488,4
3489,4
3490,24
3491,24
3492,3
3493,3
3494,12
3495,12
3496,2
3497,8
3498,29
3499,24
3500,19
3501,2
3502,15
3503,4
3504,11
3505,14
3506,10
3507,28
3508,8
3509,25
3510,25
3511,11
3512,7
3513,29
3514,15
3515,26
3516,22
3517,29
3518,13
3519,23
3520,6
3521,5
3522,13
3523,30
3524,12
3525,13
3526,24
3527,20
3528,4
3529,20
3530,14
3531,19
3532,13
3533,10
3534,5
3535,20
3536,18
3537,28
3538,2
3539,11
3540,18
3541,8
3542,9
3543,22
3544,19
3545,14
3546,30
3547,18
3548,28
3549,10
3550,6
3551,18
3552,18
3553,26
3554,12
3555,7
3556,30
3557,7
3558,20
3559,4
3560,13
3561,2
3562,18
3563,20
3564,12
3565,26
3566,22
3567,1
3568,28
3569,9
3570,24
3571,25
3572,22
3573,19
3574,9
3575,17
3576,30
3577,12
3578,20
3579,12
3580,18
3581,28
3582,18
3583,6
3584,27
3585,15
3586,19
3587,25
3588,30
3589,12
3590,20
3591,1
3592,16
3593,12
3594,16
3595,6
3596,4
3597,29
3598,4
3599,13
3600,24
3601,19
3602,28
3603,15
3604,15
3605,3
3606,18
3607,8
3608,5
3609,10
3610,26
3611,21
3612,28
3613,20
3614,25
3615,15
3616,8
3617,24
3618,1
3619,9
3620,5
3621,9
3622,12
3623,29
3624,23
3625,23
3626,10
3627,16
3628,17
3629,1
3630,5
3631,26
3632,11
3633,4
3634,4
3635,8
3636,26
3637,3
3638,25
3639,19
3640,25
3641,18
3642,16
3643,25
3644,15
3645,21
3646,7
3647,14
3648,15
3649,26
3650,22
3651,12
3652,27
3653,26
3654,19
3655,10
3656,23
3657,11
3658,19
3659,28
3660,28
3661,4
3662,16
3663,23
3664,2
3665,16
3666,20
3667,10
3668,15
3669,30
3670,3
3671,18
3672,15
3673,28
3674,20
3675,12
3676,29
3677,7
3678,24
3679,18
3680,11
3681,4
3682,3
3683,27
3684,20
3685,28
3686,29
3687,28
3688,4
3689,3
3690,29
3691,1
3692,24
3693,27
3694,5
3695,8
3696,30
3697,30
3698,21
3699,14
3700,15
3701,22
3702,23
3703,20
3704,18
3705,21
3706,6
3707,26
3708,30
3709,9
3710,9
3711,25
3712,6
3713,13
3714,13
3715,6
3716,14
3717,22
3718,27
3719,29
3720,1
3721,14
3722,12
3723,8
3724,14
3725,12
3726,5
3727,6
3728,17
3729,12
3730,1
3731,5
3732,19
3733,23
3734,5
3735,18
3736,29
3737,25
3738,6
3739,3
3740,1
3741,15
3742,20
3743,6
3744,2
3745,12
3746,18
3747,1
3748,9
3749,30
3750,3
3751,6
3752,9
3753,14
3754,1
3755,30
3756,4
3757,27
3758,21
3759,22
3760,25
3761,15
3762,1
3763,3
3764,23
3765,27
3766,5
3767,6
3768,13
3769,9
3770,20
3771,20
3772,10
3773,2
3774,17
3775,14
3776,20
3777,14
3778,9
3779,4
3780,7
3781,28
3782,23
3783,15
3784,30
3785,15
3786,2
3787,2
3788,5
3789,18
3790,27
3791,6
3792,25
3793,16
3794,27
3795,18
3796,13
3797,19
3798,16
3799,13
3800,11
3801,1
3802,24
3803,23
3804,19
3805,8
3806,13
3807,5
3808,25
3809,13
3810,7
3811,17
3812,13
3813,10
3814,24
3815,22
3816,5
3817,2
3818,22
3819,30
3820,15
3821,30
3822,16
3823,21
3824,5
3825,6
3826,26
3827,3
3828,21
3829,30
3830,16
3831,3
3832,11
3833,6
3834,17
3835,30
3836,17
3837,10
3838,24
3839,2
3840,28
3841,23
3842,18
3843,28
3844,23
3845,25
3846,7
3847,9
3848,2
3849,1
3850,11
3851,28
3852,12
3853,4
3854,9
3855,10
3856,25
3857,22
3858,1
3859,25
3860,8
3861,9
3862,23
3863,1
3864,6
3865,15
3866,5
3867,24
3868,16
3869,15
3870,12
3871,9
3872,3
3873,16
3874,10
3875,21
3876,12
3877,8
3878,13
3879,16
3880,26
3881,22
3882,15
3883,2
3884,24
3885,24
3886,17
3887,19
3888,13
3889,10
3890,25
3891,11
3892,18
3893,14
3894,8
3895,6
3896,3
3897,6
3898,14
3899,22
3900,17
3901,24
3902,9
3903,28
3904,24
3905,4
3906,18
3907,10
3908,1
3909,10
3910,25
3911,14
3912,13
3913,28
3914,17
3915,23
3916,8
3917,4
3918,25
3919,23
3920,6
3921,3
3922,28
3923,24
3924,6
3925,4
3926,21
3927,17
3928,3
3929,8
3930,19
3931,1
3932,30
3933,11
3934,3
3935,12
3936,10
3937,18
3938,10
3939,16
3940,20
3941,14
3942,28
3943,5
3944,20
3945,20
3946,25
3947,18
3948,1
3949,17
3950,8
3951,14
3952,21
3953,5
3954,18
3955,6
3956,6
3957,11
3958,9
3959,21
3960,25
3961,5
3962,29
3963,21
3964,4
3965,4
3966,25
3967,16
3968,10
3969,16
3970,26
3971,7
3972,15
3973,10
3974,6
3975,14
3976,10
3977,8
3978,7
3979,18
3980,24
3981,18
3982,28
3983,14
3984,12
3985,5
3986,17
3987,14
3988,10
3989,4
3990,1
3991,25
3992,18
3993,3
3994,1
3995,22
3996,21
3997,1
3998,26
3999,5
4000,7
4001,13
4002,26
4003,10
4004,30
4005,8
4006,18
4007,13
4008,22
4009,9
4010,19
4011,8
4012,21
4013,17
4014,27
4015,20
4016,9
4017,8
4018,13
4019,10
4020,5
4021,28
4022,22
4023,28
4024,14
4025,20
4026,23
4027,2
4028,18
4029,8
4030,2
4031,2
4032,25
4033,29
4034,30
4035,2
4036,11
4037,21
4038,25
4039,8
4040,18
4041,25
4042,24
4043,13
4044,15
4045,23
4046,25
4047,4
4048,21
4049,22
4050,21
4051,16
4052,10
4053,6
4054,25
4055,25
4056,9
4057,23
4058,6
4059,25
4060,25
4061,24
4062,8
4063,6
4064,7
4065,11
4066,2
4067,4
4068,30
4069,28
4070,2
4071,14
4072,26
4073,15
4074,6
4075,29
4076,11
4077,4
4078,22
4079,16
4080,6
4081,1
4082,28
4083,26
4084,28
4085,20
4086,27
4087,1
4088,25
4089,12
4090,30
4091,23
4092,9
4093,6
4094,2
4095,15
4096,7
4097,14
4098,9
4099,7
4100,24
4101,14
4102,20
4103,7
4104,2
4105,12
4106,24
4107,18
4108,13
4109,22
4110,16
4111,26
4112,6
4113,2
4114,1
4115,14
4116,17
4117,10
4118,8
4119,2
4120,27
4121,8
4122,11
4123,16
4124,27
4125,1
4126,7
4127,28
4128,25
4129,5
4130,26
4131,28
4132,27
4133,8
4134,1
4135,25
4136,27
4137,11
4138,3
4139,16
4140,9
4141,1
4142,29
4143,5
4144,6
4145,3
4146,16
4147,1
4148,14
4149,29
4150,15
4151,30
4152,28
4153,16
4154,7
4155,23
4156,1
4157,24
4158,2
4159,2
4160,26
4161,4
4162,5
4163,13
4164,19
4165,18
4166,2
4167,29
4168,17
4169,18
4170,9
4171,5
4172,29
4173,13
4174,18
4175,29
4176,5
4177,7
4178,17
4179,7
4180,21
4181,4
4182,19
4183,19
4184,23
4185,1
4186,6
4187,26
4188,8
4189,9
4190,25
4191,30
4192,23
4193,29
4194,16
4195,9
4196,30
4197,18
4198,17
4199,16
4200,17
4201,22
4202,14
4203,24
4204,20
4205,17
4206,9
4207,13
4208,15
4209,15
4210,7
4211,6
4212,2
4213,20
4214,24
4215,7
4216,28
4217,3
4218,23
4219,2
4220,12
4221,11
4222,25
4223,29
4224,11
4225,21
4226,1
4227,17
4228,26
4229,13
4230,20
4231,30
4232,18
4233,22
4234,6
4235,23
4236,25
4237,12
4238,2
4239,17
4240,30
4241,9
4242,20
4243,8
4244,28
4245,27
4246,10
4247,24
4248,9
4249,26
4250,28
4251,17
4252,15
4253,2
4254,25
4255,15
4256,9
4257,24
4258,11
4259,24
4260,15
4261,3
4262,11
4263,11
4264,10
4265,20
4266,14
4267,10
4268,8
4269,3
4270,4
4271,16
4272,14
4273,25
4274,2
4275,30
4276,19
4277,28
4278,7
4279,27
4280,17
4281,19
4282,12
4283,29
4284,21
4285,24
4286,11
4287,27
4288,23
4289,23
4290,2
4291,24
4292,6
4293,25
4294,30
4295,30
4296,17
4297,28
4298,20
4299,7
4300,2
4301,13
4302,27
4303,29
4304,12
4305,12
4306,16
4307,2
4308,26
4309,14
4310,24
4311,20
4312,17
4313,25
4314,18
4315,29
4316,9
4317,17
4318,29
4319,15
4320,17
4321,25
4322,30
4323,4
4324,15
4325,24
4326,14
4327,13
4328,28
4329,13
4330,13
4331,20
4332,28
4333,13
4334,8
4335,3
4336,20
4337,17
4338,12
4339,14
4340,14
4341,26
4342,25
4343,28
4344,8
4345,14
4346,5
4347,23
4348,27
4349,27
4350,17
4351,16
4352,9
4353,12
4354,30
4355,16
4356,5
4357,21
4358,14
4359,17
4360,9
4361,22
4362,30
4363,16
4364,27
4365,16
4366,27
4367,21
4368,10
4369,19
4370,2
4371,11
4372,24
4373,2
4374,17
4375,17
4376,30
4377,8
4378,18
4379,9
4380,18
4381,28
4382,19
4383,25
4384,1
4385,14
4386,2
4387,3
4388,7
4389,15
4390,1
4391,20
4392,4
4393,22
4394,10
4395,6
4396,28
4397,11
4398,19
4399,10
4400,5
4401,17
4402,17
4403,21
4404,21
4405,17
4406,24
4407,10
4408,25
4409,30
4410,8
4411,27
4412,4
4413,10
4414,20
4415,8
4416,16
4417,20
4418,16
4419,24
4420,26
4421,12
4422,6
4423,20
4424,22
4425,17
4426,28
4427,13
4428,14
4429,27
4430,2
4431,13
4432,18
4433,21
4434,27
4435,10
4436,5
4437,4
4438,27
4439,21
4440,23
4441,26
4442,23
4443,6
4444,4
4445,8
4446,28
4447,17
4448,14
4449,11
4450,12
4451,19
4452,9
4453,8
4454,15
4455,19
4456,8
4457,9
4458,21
4459,26
4460,21
4461,15
4462,26
4463,3
4464,21
4465,16
4466,30
4467,22
4468,7
4469,22
4470,4
4471,19
4472,27
4473,27
4474,22
4475,25
4476,9
4477,23
4478,8
4479,8
4480,18
4481,20
4482,28
4483,8
4484,14
4485,23
4486,21
4487,5
4488,4
4489,8
4490,3
4491,12
4492,30
4493,8
4494,2
4495,30
4496,6
4497,10
4498,14
4499,24
4500,1
4501,12
4502,27
4503,3
4504,1
4505,22
4506,8
4507,14
4508,30
4509,9
4510,28
4511,4
4512,22
4513,24
4514,14
4515,22
4516,6
4517,18
4518,7
4519,23
4520,16
4521,5
4522,26
4523,30
4524,4
4525,3
4526,26
4527,13
4528,25
4529,5
4530,24
4531,11
4532,21
4533,21
4534,1
4535,28
4536,13
4537,19
4538,27
4539,17
4540,21
4541,18
4542,27
4543,9
4544,25
4545,4
4546,13
4547,8
4548,15
4549,15
4550,20
4551,3
4552,15
4553,30
4554,27
4555,20
4556,1
4557,3
4558,28
4559,8
4560,23
4561,24
4562,26
4563,25
4564,8
4565,11
4566,6
4567,22
4568,23
4569,26
4570,5
4571,20
4572,4
4573,4
4574,25
4575,4
4576,9
4577,11
4578,17
4579,26
4580,16
4581,7
4582,13
4583,25
4584,30
4585,3
4586,22
4587,1
4588,27
4589,11
4590,8
4591,4
4592,28
4593,12
4594,29
4595,10
4596,30
4597,18
4598,30
4599,28
4600,4
4601,16
4602,21
4603,6
4604,21
4605,8
4606,22
4607,29
4608,19
4609,2
4610,1
4611,19
4612,4
4613,5
4614,19
4615,18
4616,13
4617,8
4618,5
4619,23
4620,1
4621,29
4622,2
4623,2
4624,14
4625,24
4626,4
4627,13
4628,11
4629,14
4630,13
4631,13
4632,4
4633,6
4634,11
4635,30
4636,29
4637,26
4638,8
4639,25
4640,29
4641,17
4642,6
4643,2
4644,15
4645,13
4646,17
4647,4
4648,28
4649,15
4650,8
4651,14
4652,20
4653,18
4654,4
4655,14
4656,22
4657,9
4658,25
4659,18
4660,23
4661,21
4662,10
4663,3
4664,17
4665,24
4666,7
4667,29
4668,24
4669,10
4670,5
4671,3
4672,20
4673,21
4674,16
4675,7
4676,23
4677,13
4678,16
4679,23
4680,6
4681,12
4682,9
4683,3
4684,22
4685,12
4686,23
4687,24
4688,15
4689,4
4690,24
4691,28
4692,6
4693,7
4694,18
4695,9
4696,11
4697,3
4698,9
4699,21
4700,10
4701,14
4702,14
4703,25
4704,15
4705,8
4706,13
4707,4
4708,15
4709,23
4710,4
4711,25
4712,22
4713,11
4714,10
4715,7
4716,23
4717,23
4718,22
4719,5
4720,4
4721,9
4722,17
4723,10
4724,27
4725,5
4726,21
4727,6
4728,23
4729,30
4730,25
4731,1
4732,22
4733,26
4734,12
4735,12
4736,19
4737,6
4738,26
4739,3
4740,9
4741,26
4742,6
4743,18
4744,24
4745,22
4746,17
4747,8
4748,26
4749,20
4750,14
4751,14
4752,12
4753,10
4754,1
4755,24
4756,6
4757,17
4758,25
4759,26
4760,7
4761,28
4762,27
4763,30
4764,13
4765,29
4766,28
4767,27
4768,4
4769,14
4770,9
4771,5
4772,21
4773,17
4774,14
4775,23
4776,22
4777,19
4778,10
4779,30
4780,16
4781,27
4782,26
4783,24
4784,12
4785,6
4786,7
4787,29
4788,9
4789,20
4790,1
4791,22
4792,2
4793,30
4794,2
4795,2
4796,4
4797,11
4798,9
4799,30
4800,5
4801,13
4802,30
4803,3
4804,1
4805,10
4806,29
4807,6
4808,2
4809,27
4810,18
4811,26
4812,30
4813,13
4814,26
4815,2
4816,30
4817,16
4818,22
4819,29
4820,7
4821,4
4822,6
4823,10
4824,11
4825,27
4826,11
4827,20
4828,14
4829,10
4830,10
4831,23
4832,5
4833,6
4834,25
4835,24
4836,14
4837,18
4838,23
4839,18
4840,3
4841,13
4842,17
4843,22
4844,24
4845,17
4846,10
4847,22
4848,26
4849,26
4850,5
4851,17
4852,9
4853,1
4854,13
4855,23
4856,26
4857,12
4858,27
4859,19
4860,17
4861,20
4862,20
4863,26
4864,12
4865,22
4866,30
4867,8
4868,17
4869,15
4870,6
4871,29
4872,8
4873,21
4874,13
4875,7
4876,29
4877,3
4878,17
4879,9
4880,9
4881,11
4882,27
4883,30
4884,26
4885,21
4886,12
4887,15
4888,30
4889,29
4890,7
4891,28
4892,21
4893,22
4894,27
4895,11
4896,11
4897,12
4898,3
4899,29
4900,11
4901,21
4902,18
4903,18
4904,12
4905,18
4906,13
4907,3
4908,19
4909,23
4910,1
4911,6
4912,17
4913,25
4914,13
4915,3
4916,19
4917,17
4918,30
4919,15
4920,7
4921,15
4922,4
4923,21
4924,24
4925,4
4926,10
4927,3
4928,17
4929,6
4930,5
4931,12
4932,18
4933,29
4934,26
4935,22
4936,3
4937,23
4938,11
4939,27
4940,4
4941,9
4942,12
4943,2
4944,12
4945,2
4946,3
4947,18
4948,22
4949,12
4950,11
4951,14
4952,14
4953,16
4954,26
4955,26
4956,28
4957,6
4958,9
4959,24
4960,5
4961,11
4962,8
4963,17
4964,15
4965,2
4966,17
4967,7
4968,13
4969,25
4970,13
4971,12
4972,1
4973,20
4974,16
4975,12
4976,22
4977,20
4978,26
4979,21
4980,12
4981,10
4982,13
4983,14
4984,13
4985,22
4986,24
4987,29
4988,17
4989,2
4990,27
4991,1
4992,20
4993,27
4994,25
4995,10
4996,23
4997,21
4998,25
4999,20
5000,25
5001,8
5002,29
5003,23
5004,19
5005,25
5006,26
5007,26
5008,15
5009,21
5010,21
5011,13
5012,30
5013,12
5014,30
5015,30
5016,15
5017,19
5018,30
5019,23
5020,4
5021,23
5022,7
5023,7
5024,28
5025,20
5026,26
5027,14
5028,9
5029,26
5030,15
5031,27
5032,20
5033,20
5034,22
5035,24
5036,4
5037,15
5038,16
5039,21
5040,1
5041,21
5042,3
5043,22
5044,12
5045,7
5046,29
5047,23
5048,18
5049,29
5050,7
5051,20
5052,25
5053,22
5054,9
5055,27
5056,10
5057,4
5058,9
5059,24
5060,14
5061,8
5062,14
5063,4
5064,27
5065,30
5066,15
5067,27
5068,12
5069,13
5070,24
5071,7
5072,11
5073,7
5074,20
5075,2
5076,30
5077,14
5078,2
5079,17
5080,26
5081,22
5082,10
5083,10
5084,19
5085,6
5086,6
5087,15
5088,23
5089,4
5090,22
5091,26
5092,10
5093,8
5094,8
5095,21
5096,19
5097,14
5098,8
5099,18
5100,9
5101,14
5102,17
5103,25
5104,17
5105,22
5106,13
5107,10
5108,18
5109,2
5110,9
5111,5
5112,10
5113,20
5114,23
5115,23
5116,6
5117,30
5118,10
5119,20
5120,9
5121,4
5122,29
5123,5
5124,7
5125,26
5126,25
5127,6
5128,21
5129,10
5130,17
5131,14
5132,5
5133,12
5134,7
5135,1
5136,10
5137,20
5138,6
5139,20
5140,10
5141,6
5142,12
5143,1
5144,7
5145,19
5146,23
5147,9
5148,1
5149,15
5150,21
5151,20
5152,16
5153,11
5154,3
5155,11
5156,26
5157,19
5158,30
5159,21
5160,22
5161,30
5162,26
5163,11
5164,25
5165,11
5166,10
5167,9
5168,22
5169,23
5170,29
5171,24
5172,28
5173,22
5174,4
5175,1
5176,29
5177,20
5178,19
5179,7
5180,13
5181,30
5182,14
5183,16
5184,30
5185,23
5186,27
5187,18
5188,21
5189,5
5190,26
5191,27
5192,19
5193,6
5194,3
5195,23
5196,7
5197,27
5198,29
5199,14
5200,23
5201,14
5202,13
5203,5
5204,28
5205,18
5206,4
5207,22
5208,16
5209,30
5210,16
5211,20
5212,17
5213,25
5214,4
5215,28
5216,1
5217,7
5218,28
5219,26
5220,19
5221,17
5222,5
5223,2
5224,24
5225,21
5226,14
5227,16
5228,27
5229,10
5230,17
5231,19
5232,16
5233,5
5234,8
5235,28
5236,5
5237,1
5238,10
5239,30
5240,23
5241,28
5242,13
5243,4
5244,16
5245,24
5246,17
5247,27
5248,16
5249,21
5250,20
5251,22
5252,27
5253,20
5254,6
5255,23
5256,16
5257,17
5258,14
5259,29
5260,17
5261,25
5262,26
5263,23
5264,3
5265,20
5266,19
5267,28
5268,30
5269,17
5270,15
5271,19
5272,8
5273,12
5274,18
5275,11
5276,13
5277,25
5278,21
5279,4
5280,22
5281,16
5282,18
5283,24
5284,14
5285,12
5286,12
5287,13
5288,14
5289,7
5290,15
5291,15
5292,20
5293,2
5294,12
5295,21
5296,5
5297,16
5298,18
5299,22
5300,15
5301,28
5302,23
5303,5
5304,19
5305,8
5306,22
5307,17
5308,14
5309,26
5310,25
5311,26
5312,2
5313,30
5314,3
5315,25
5316,1
5317,22
5318,20
5319,16
5320,6
5321,11
5322,14
5323,23
5324,3
5325,30
5326,8
5327,22
5328,16
5329,2
5330,10
5331,2
5332,25
5333,16
5334,2
5335,20
5336,16
5337,19
5338,4
5339,14
5340,19
5341,29
5342,27
5343,4
5344,18
5345,8
5346,13
5347,25
5348,23
5349,10
5350,6
5351,7
5352,5
5353,8
5354,5
5355,4
5356,11
5357,7
5358,1
5359,27
5360,11
5361,14
5362,24
5363,6
5364,4
5365,21
5366,29
5367,20
5368,9
5369,19
5370,4
5371,23
5372,18
5373,8
5374,19
5375,3
5376,10
5377,3
5378,30
5379,15
5380,26
5381,13
5382,23
5383,8
5384,24
5385,16
5386,18
5387,18
5388,3
5389,10
5390,20
5391,24
5392,26
5393,17
5394,15
5395,14
5396,22
5397,30
5398,5
5399,10
5400,3
5401,23
5402,17
5403,11
5404,24
5405,19
5406,23
5407,10
5408,10
5409,27
5410,26
5411,2
5412,7
5413,12
5414,12
5415,29
5416,19
5417,15
5418,27
5419,8
5420,27
5421,5
5422,10
5423,3
5424,7
5425,29
5426,21
5427,18
5428,3
5429,30
5430,23
5431,27
5432,6
5433,16
5434,26
5435,11
5436,24
5437,25
5438,21
5439,12
5440,18
5441,18
5442,8
5443,19
5444,25
5445,10
5446,2
5447,24
5448,17
5449,8
5450,14
5451,19
5452,16
5453,10
5454,20
5455,2
5456,9
5457,30
5458,7
5459,24
5460,11
5461,5
5462,4
5463,25
5464,18
5465,22
5466,23
5467,14
5468,1
5469,1
5470,12
5471,27
5472,30
5473,26
5474,8
5475,28
5476,13
5477,10
5478,14
5479,9
5480,25
5481,14
5482,15
5483,18
5484,11
5485,20
5486,29
5487,16
5488,23
5489,26
5490,29
5491,13
5492,14
5493,9
5494,23
5495,19
5496,16
5497,28
5498,17
5499,28
5500,27
5501,14
5502,1
5503,24
5504,29
5505,28
5506,2
5507,12
5508,3
5509,4
5510,28
5511,19
5512,3
5513,9
5514,17
5515,6
5516,1
5517,11
5518,19
5519,3
5520,1
5521,19
5522,7
5523,2
5524,20
5525,6
5526,18
5527,27
5528,13
5529,3
5530,8
5531,25
5532,17
5533,20
5534,8
5535,14
5536,19
5537,6
5538,22
5539,17
5540,17
5541,3
5542,19
5543,24
5544,2
5545,22
5546,1
5547,7
5548,18
5549,10
5550,26
5551,25
5552,29
5553,5
5554,22
5555,8
5556,10
5557,7
5558,11
5559,27
5560,10
5561,21
5562,27
5563,12
5564,5
5565,16
5566,15
5567,13
5568,30
5569,8
5570,30
5571,20
5572,5
5573,4
5574,16
5575,14
5576,13
5577,8
5578,20
5579,22
5580,21
5581,19
5582,16
5583,6
5584,14
5585,21
5586,13
5587,23
5588,25
5589,1
5590,26
5591,8
5592,17
5593,11
5594,17
5595,28
5596,22
5597,20
5598,14
5599,23
5600,28
5601,21
5602,28
5603,8
5604,28
5605,2
5606,5
5607,5
5608,17
5609,15
5610,15
5611,26
5612,13
5613,12
5614,3
5615,26
5616,4
5617,17
5618,29
5619,23
5620,8
5621,17
5622,15
5623,10
5624,11
5625,20
5626,16
5627,17
5628,1
5629,29
5630,30
5631,3
5632,28
5633,9
5634,25
5635,25
5636,6
5637,21
5638,28
5639,25
5640,19
5641,5
5642,24
5643,2
5644,7
5645,4
5646,10
5647,11
5648,4
5649,17
5650,1
5651,25
5652,25
5653,13
5654,8
5655,18
5656,30
5657,14
5658,1
5659,16
5660,11
5661,6
5662,21
5663,29
5664,27
5665,15
5666,1
5667,21
5668,1
5669,26
5670,4
5671,21
5672,16
5673,7
5674,3
5675,11
5676,26
5677,18
5678,14
5679,3
5680,14
5681,6
5682,5
5683,10
5684,17
5685,2
5686,12
5687,22
5688,12
5689,11
5690,1
5691,25
5692,28
5693,28
5694,10
5695,1
5696,17
5697,10
5698,7
5699,4
5700,22
5701,12
5702,22
5703,19
5704,29
5705,1
5706,19
5707,4
5708,30
5709,3
5710,9
5711,21
5712,1
5713,16
5714,3
5715,20
5716,26
5717,26
5718,23
5719,10
5720,7
5721,25
5722,28
5723,24
5724,12
5725,29
5726,10
5727,30
5728,5
5729,15
5730,3
5731,29
5732,16
5733,15
5734,28
5735,30
5736,9
5737,30
5738,22
5739,28
5740,20
5741,29
5742,7
5743,23
5744,4
5745,22
5746,11
5747,22
5748,30
5749,27
5750,10
5751,17
5752,29
5753,5
5754,8
5755,24
5756,24
5757,2
5758,30
5759,8
5760,6
5761,26
5762,8
5763,24
5764,8
5765,18
5766,8
5767,17
5768,7
5769,18
5770,20
5771,29
5772,13
5773,14
5774,19
5775,18
5776,1
5777,21
5778,4
5779,21
5780,18
5781,6
5782,13
5783,23
5784,14
5785,4
5786,2
5787,17
5788,12
5789,22
5790,21
5791,18
5792,12
5793,1
5794,29
5795,25
5796,13
5797,8
5798,12
5799,23
5800,1
5801,9
5802,28
5803,5
5804,2
5805,17
5806,12
5807,14
5808,10
5809,21
5810,13
5811,17
5812,26
5813,16
5814,7
5815,28
5816,15
5817,13
5818,19
5819,13
5820,2
5821,25
5822,4
5823,26
5824,19
5825,16
5826,16
5827,17
5828,28
5829,18
5830,3
5831,13
5832,19
5833,1
5834,16
5835,16
5836,7
5837,30
5838,2
5839,8
5840,21
5841,29
5842,3
5843,13
5844,1
5845,13
5846,29
5847,16
5848,23
5849,15
5850,22
5851,28
5852,27
5853,4
5854,20
5855,21
5856,9
5857,8
5858,11
5859,17
5860,11
5861,22
5862,14
5863,27
5864,3
5865,9
5866,28
5867,22
5868,6
5869,29
5870,6
5871,12
5872,22
5873,5
5874,29
5875,9
5876,10
5877,29
5878,30
5879,2
5880,14
5881,10
5882,3
5883,27
5884,5
5885,28
5886,20
5887,30
5888,29
5889,30
5890,17
5891,25
5892,12
5893,10
5894,6
5895,18
5896,5
5897,8
5898,7
5899,24
5900,26
5901,9
5902,1
5903,1
5904,29
5905,30
5906,21
5907,17
5908,4
5909,26
5910,2
5911,29
5912,8
5913,6
5914,8
5915,6
5916,16
5917,21
5918,7
5919,29
5920,17
5921,6
5922,10
5923,4
5924,1
5925,3
5926,23
5927,24
5928,28
5929,11
5930,18
5931,14
5932,17
5933,3
5934,24
5935,9
5936,5
5937,20
5938,21
5939,10
5940,12
5941,11
5942,2
5943,28
5944,11
5945,26
5946,4
5947,27
5948,17
5949,29
5950,9
5951,1
5952,10
5953,15
5954,11
5955,10
5956,10
5957,19
5958,17
5959,8
5960,7
5961,7
5962,2
5963,20
5964,1
5965,22
5966,9
5967,15
5968,25
5969,28
5970,8
5971,6
5972,13
5973,23
5974,10
5975,17
5976,17
5977,19
5978,16
5979,5
5980,4
5981,3
5982,18
5983,5
5984,23
5985,16
5986,30
5987,15
5988,23
5989,25
5990,16
5991,4
5992,11
5993,9
5994,5
5995,8
5996,11
5997,6
5998,6
5999,14
6000,18
6001,6
6002,19
6003,10
6004,18
6005,10
6006,27
6007,5
6008,19
6009,26
6010,27
6011,25
6012,1
6013,14
6014,2
6015,16
6016,29
6017,27
6018,23
6019,15
6020,25
6021,12
6022,24
6023,2
6024,20
6025,7
6026,13
6027,3
6028,1
6029,15
6030,23
6031,26
6032,20
6033,12
6034,30
6035,20
6036,17
6037,11
6038,10
6039,9
6040,30
6041,3
6042,30
6043,22
6044,2
6045,21
6046,6
6047,27
6048,8
6049,13
6050,12
6051,25
6052,4
6053,11
6054,27
6055,24
6056,15
6057,10
6058,4
6059,21
6060,30
6061,14
6062,2
6063,29
6064,27
6065,9
6066,12
6067,3
6068,30
6069,9
6070,16
6071,13
6072,27
6073,7
6074,2
6075,5
6076,2
6077,15
6078,12
6079,8
6080,16
6081,1
6082,6
6083,30
6084,21
6085,10
6086,7
6087,10
6088,20
6089,27
6090,24
6091,6
6092,2
6093,12
6094,17
6095,9
6096,14
6097,21
6098,1
6099,15
6100,21
6101,1
6102,14
6103,9
6104,10
6105,9
6106,20
6107,12
6108,25
6109,6
6110,20
6111,11
6112,6
6113,15
6114,9
6115,1
6116,27
6117,16
6118,28
6119,6
6120,26
6121,1
6122,5
6123,30
6124,2
6125,7
6126,1
6127,24
6128,2
6129,20
6130,3
6131,5
6132,28
6133,9
6134,7
6135,17
6136,29
6137,26
6138,11
6139,30
6140,11
6141,25
6142,6
6143,12
6144,9
6145,23
6146,26
6147,27
6148,8
6149,5
6150,3
6151,5
6152,25
6153,21
6154,8
6155,13
6156,22
6157,14
6158,23
6159,2
6160,28
6161,14
6162,19
6163,30
6164,14
6165,9
6166,22
6167,8
6168,4
6169,12
6170,7
6171,21
6172,5
6173,8
6174,25
6175,16
6176,12
6177,4
6178,12
6179,18
6180,1
6181,20
6182,5
6183,20
6184,3
6185,14
6186,18
6187,6
6188,9
6189,16
6190,24
6191,21
6192,30
6193,23
6194,30
6195,1
6196,3
6197,2
6198,9
6199,10
6200,30
6201,21
6202,23
6203,3
6204,17
6205,12
6206,8
6207,6
6208,10
6209,1
6210,26
6211,20
6212,13
6213,21
6214,24
6215,27
6216,9
6217,18
6218,10
6219,20
6220,5
6221,19
6222,8
6223,21
6224,1
6225,29
6226,8
6227,20
6228,10
6229,26
6230,20
6231,23
6232,11
6233,7
6234,3
6235,29
6236,1
6237,20
6238,7
6239,19
6240,19
6241,18
6242,13
6243,23
6244,12
6245,21
6246,13
6247,10
6248,20
6249,26
6250,30
6251,20
6252,8
6253,24
6254,20
6255,13
6256,27
6257,18
6258,16
6259,24
6260,17
6261,28
6262,17
6263,30
6264,17
6265,28
6266,13
6267,18
6268,12
6269,26
6270,30
6271,30
6272,1
6273,14
6274,27
6275,5
6276,10
6277,27
6278,26
6279,1
6280,16
6281,11
6282,30
6283,18
6284,9
6285,23
6286,20
6287,11
6288,1
6289,9
6290,9
6291,1
6292,5
6293,13
6294,16
6295,1
6296,23
6297,19
6298,8
6299,30
6300,7
6301,12
6302,25
6303,5
6304,22
6305,10
6306,30
6307,17
6308,11
6309,23
6310,2
6311,9
6312,7
6313,29
6314,17
6315,17
6316,4
6317,23
6318,1
6319,11
6320,7
6321,14
6322,21
6323,28
6324,19
6325,12
6326,26
6327,21
6328,21
6329,27
6330,7
6331,20
6332,29
6333,12
6334,26
6335,26
6336,20
6337,7
6338,24
6339,1
6340,6
6341,12
6342,25
6343,24
6344,20
6345,7
6346,12
6347,3
6348,13
6349,10
6350,13
6351,7
6352,25
6353,30
6354,1
6355,4
6356,17
6357,7
6358,21
6359,4
6360,23
6361,24
6362,7
6363,17
6364,9
6365,4
6366,22
6367,12
6368,12
6369,12
6370,5
6371,13
6372,8
6373,4
6374,20
6375,28
6376,6
6377,25
6378,7
6379,10
6380,5
6381,30
6382,7
6383,19
6384,15
6385,13
6386,9
6387,25
6388,7
6389,29
6390,23
6391,30
6392,7
6393,24
6394,6
6395,18
6396,12
6397,10
6398,10
6399,19
6400,4
6401,25
6402,5
6403,20
6404,9
6405,16
6406,10
6407,29
6408,16
6409,7
6410,13
6411,2
6412,20
6413,8
6414,25
6415,6
6416,12
6417,2
6418,26
6419,7
6420,29
6421,16
6422,27
6423,18
6424,12
6425,13
6426,7
6427,9
6428,21
6429,8
6430,15
6431,22
6432,22
6433,12
6434,28
6435,28
6436,22
6437,8
6438,30
6439,7
6440,12
6441,24
6442,24
6443,3
6444,25
6445,27
6446,26
6447,14
6448,11
6449,23
6450,26
6451,2
6452,27
6453,8
6454,7
6455,21
6456,14
6457,21
6458,27
6459,4
6460,23
6461,15
6462,24
6463,9
6464,30
6465,28
6466,26
6467,27
6468,28
6469,25
6470,4
6471,17
6472,29
6473,14
6474,30
6475,20
6476,30
6477,12
6478,6
6479,24
6480,23
6481,11
6482,27
6483,5
6484,20
6485,5
6486,20
6487,25
6488,23
6489,20
6490,18
6491,28
6492,12
6493,9
6494,26
6495,12
6496,29
6497,11
6498,13
6499,10
6500,20
6501,30
6502,4
6503,1
6504,27
6505,16
6506,7
6507,14
6508,3
6509,29
6510,25
6511,17
6512,15
6513,7
6514,19
6515,21
6516,8
6517,19
6518,3
6519,22
6520,11
6521,19
6522,28
6523,13
6524,2
6525,27
6526,25
6527,9
6528,18
6529,13
6530,2
6531,8
6532,4
6533,20
6534,27
6535,6
6536,26
6537,7
6538,20
6539,12
6540,21
6541,19
6542,28
6543,10
6544,10
6545,1
6546,10
6547,2
6548,13
6549,13
6550,13
6551,11
6552,9
6553,5
6554,23
6555,5
6556,15
6557,5
6558,22
6559,7
6560,1
6561,14
6562,18
6563,10
6564,3
6565,24
6566,7
6567,5
6568,26
6569,14
6570,19
6571,22
6572,24
6573,14
6574,1
6575,10
6576,1
6577,7
6578,22
6579,4
6580,22
6581,25
6582,20
6583,21
6584,9
6585,25
6586,19
6587,20
6588,28
6589,25
6590,5
6591,10
6592,25
6593,29
6594,18
6595,26
6596,11
6597,19
6598,21
6599,19
6600,21
6601,14
6602,26
6603,22
6604,4
6605,21
6606,27
6607,20
6608,17
6609,9
6610,9
6611,29
6612,10
6613,10
6614,3
6615,28
6616,28
6617,12
6618,10
6619,8
6620,13
6621,21
6622,15
6623,26
6624,1
6625,19
6626,2
6627,29
6628,29
6629,1
6630,5
6631,5
6632,29
6633,7
6634,5
6635,21
6636,30
6637,13
6638,14
6639,23
6640,10
6641,1
6642,26
6643,6
6644,27
6645,14
6646,5
6647,22
6648,11
6649,20
6650,7
6651,4
6652,4
6653,8
6654,18
6655,30
6656,23
6657,20
6658,22
6659,2
6660,22
6661,29
6662,25
6663,7
6664,2
6665,28
6666,13
6667,4
6668,5
6669,26
6670,16
6671,8
6672,28
6673,18
6674,6
6675,16
6676,5
6677,26
6678,27
6679,22
6680,22
6681,24
6682,25
6683,12
6684,26
6685,18
6686,27
6687,29
6688,3
6689,5
6690,3
6691,30
6692,9
6693,18
6694,18
6695,8
6696,12
6697,13
6698,21
6699,4
6700,4
6701,16
6702,7
6703,24
6704,15
6705,5
6706,29
6707,8
6708,25
6709,15
6710,6
6711,22
6712,25
6713,19
6714,3
6715,30
6716,20
6717,24
6718,26
6719,2
6720,22
6721,16
6722,27
6723,12
6724,8
6725,3
6726,14
6727,19
6728,11
6729,5
6730,14
6731,15
6732,4
6733,6
6734,20
6735,2
6736,24
6737,22
6738,26
6739,13
6740,16
6741,13
6742,29
6743,24
6744,22
6745,4
6746,27
6747,3
6748,30
6749,4
6750,11
6751,14
6752,18
6753,24
6754,9
6755,17
6756,24
6757,11
6758,18
6759,3
6760,26
6761,9
6762,24
6763,11
6764,19
6765,9
6766,23
6767,15
6768,6
6769,17
6770,2
6771,17
6772,16
6773,7
6774,30
6775,23
6776,24
6777,21
6778,3
6779,23
6780,22
6781,11
6782,14
6783,22
6784,30
6785,23
6786,6
6787,1
6788,4
6789,23
6790,7
6791,29
6792,20
6793,9
6794,12
6795,23
6796,22
6797,11
6798,11
6799,11
6800,23
6801,10
6802,4
6803,23
6804,3
6805,17
6806,24
6807,18
6808,10
6809,12
6810,30
6811,8
6812,17
6813,11
6814,23
6815,11
6816,25
6817,11
6818,16
6819,16
6820,7
6821,17
6822,15
6823,29
6824,22
6825,26
6826,6
6827,26
6828,9
6829,23
6830,7
6831,5
6832,21
6833,15
6834,30
6835,9
6836,2
6837,18
6838,29
6839,17
6840,25
6841,21
6842,15
6843,16
6844,18
6845,22
6846,6
6847,26
6848,18
6849,23
6850,1
6851,30
6852,24
6853,30
6854,13
6855,3
6856,19
6857,3
6858,17
6859,1
6860,3
6861,11
6862,5
6863,27
6864,21
6865,8
6866,23
6867,21
6868,17
6869,13
6870,10
6871,16
6872,18
6873,15
6874,21
6875,11
6876,24
6877,27
6878,23
6879,27
6880,5
6881,3
6882,26
6883,29
6884,20
6885,26
6886,8
6887,2
6888,1
6889,30
6890,16
6891,13
6892,27
6893,9
6894,18
6895,28
6896,10
6897,10
6898,20
6899,7
6900,15
6901,13
6902,25
6903,25
6904,10
6905,6
6906,24
6907,4
6908,9
6909,9
6910,3
6911,24
6912,6
6913,25
6914,16
6915,26
6916,13
6917,11
6918,24
6919,1
6920,22
6921,5
6922,25
6923,28
6924,4
6925,24
6926,2
6927,7
6928,28
6929,9
6930,28
6931,26
6932,16
6933,12
6934,7
6935,18
6936,19
6937,11
6938,1
6939,17
6940,12
6941,21
6942,8
6943,27
6944,5
6945,16
6946,28
6947,21
6948,28
6949,29
6950,24
6951,26
6952,13
6953,11
6954,29
6955,13
6956,7
6957,8
6958,26
6959,14
6960,28
6961,23
6962,12
6963,25
6964,11
6965,17
6966,2
6967,26
6968,29
6969,8
6970,16
6971,19
6972,17
6973,25
6974,22
6975,14
6976,3
6977,10
6978,15
6979,13
6980,5
6981,26
6982,10
6983,14
6984,21
6985,15
6986,12
6987,17
6988,3
6989,17
6990,18
6991,22
6992,6
6993,5
6994,15
6995,19
6996,17
6997,14
6998,7
6999,11
7000,20
7001,30
7002,7
7003,29
7004,4
7005,12
7006,8
7007,22
7008,27
7009,12
7010,12
7011,23
7012,23
7013,26
7014,6
7015,5
7016,15
7017,11
7018,30
7019,7
7020,28
7021,30
7022,27
7023,12
7024,21
7025,12
7026,28
7027,16
7028,3
7029,30
7030,16
7031,20
7032,30
7033,16
7034,25
7035,7
7036,14
7037,10
7038,7
7039,18
7040,5
7041,16
7042,2
7043,28
7044,27
7045,15
7046,25
7047,21
7048,8
7049,7
7050,2
7051,30
7052,2
7053,9
7054,12
7055,27
7056,20
7057,21
7058,27
7059,27
7060,4
7061,30
7062,24
7063,30
7064,2
7065,5
7066,2
7067,6
7068,13
7069,27
7070,9
7071,29
7072,13
7073,4
7074,14
7075,22
7076,19
7077,29
7078,25
7079,11
7080,10
7081,22
7082,1
7083,13
7084,9
7085,11
7086,3
7087,2
7088,26
7089,13
7090,4
7091,8
7092,8
7093,21
7094,3
7095,26
7096,13
7097,27
7098,8
7099,28
7100,9
7101,8
7102,11
7103,9
7104,11
7105,21
7106,27
7107,24
7108,24
7109,5
7110,1
7111,2
7112,13
7113,1
7114,30
7115,20
7116,30
7117,6
7118,18
7119,16
7120,19
7121,25
7122,7
7123,28
7124,3
7125,11
7126,17
7127,22
7128,19
7129,17
7130,4
7131,18
7132,2
7133,11
7134,14
7135,1
7136,11
7137,16
7138,21
7139,17
7140,29
7141,17
7142,29
7143,10
7144,16
7145,9
7146,10
7147,4
7148,7
7149,7
7150,14
7151,15
7152,19
7153,3
7154,9
7155,5
7156,30
7157,12
7158,6
7159,21
7160,23
7161,8
7162,26
7163,24
7164,20
7165,29
7166,6
7167,23
7168,14
7169,24
7170,5
7171,4
7172,10
7173,17
7174,5
7175,25
7176,13
7177,15
7178,30
7179,21
7180,27
7181,26
7182,22
7183,20
7184,24
7185,23
7186,19
7187,30
7188,11
7189,12
7190,5
7191,7
7192,11
7193,27
7194,24
7195,19
7196,29
7197,9
7198,27
7199,4
7200,21
7201,14
7202,1
7203,1
7204,25
7205,11
7206,24
7207,17
7208,2
7209,18
7210,9
7211,11
7212,18
7213,21
7214,12
7215,15
7216,6
7217,17
7218,17
7219,26
7220,10
7221,19
7222,23
7223,29
7224,21
7225,16
7226,29
7227,6
7228,10
7229,7
7230,12
7231,15
7232,2
7233,30
7234,25
7235,12
7236,4
7237,4
7238,1
7239,22
7240,24
7241,8
7242,6
7243,2
7244,28
7245,30
7246,10
7247,2
7248,10
7249,29
7250,27
7251,24
7252,11
7253,10
7254,4
7255,3
7256,22
7257,15
7258,18
7259,14
7260,9
7261,9
7262,29
7263,10
7264,12
7265,8
7266,19
7267,9
7268,1
7269,4
7270,27
7271,19
7272,5
7273,19
7274,23
7275,26
7276,22
7277,12
7278,19
7279,27
7280,28
7281,25
7282,3
7283,9
7284,6
7285,18
7286,9
7287,24
7288,27
7289,13
7290,8
7291,6
7292,29
7293,5
7294,11
7295,8
7296,15
7297,21
7298,4
7299,17
7300,29
7301,21
7302,17
7303,3
7304,9
7305,30
7306,3
7307,19
7308,19
7309,7
7310,7
7311,26
7312,28
7313,10
7314,9
7315,23
7316,7
7317,16
7318,4
7319,7
7320,26
7321,14
7322,28
7323,14
7324,12
7325,1
7326,28
7327,13
7328,20
7329,7
7330,2
7331,8
7332,19
7333,2
7334,24
7335,9
7336,13
7337,9
7338,7
7339,8
7340,26
7341,22
7342,24
7343,22
7344,27
7345,14
7346,10
7347,14
7348,25
7349,22
7350,9
7351,4
7352,2
7353,17
7354,23
7355,6
7356,14
7357,25
7358,16
7359,17
7360,13
7361,8
7362,13
7363,14
7364,12
7365,10
7366,25
7367,22
7368,1
7369,2
7370,14
7371,25
7372,18
7373,2
7374,9
7375,21
7376,28
7377,9
7378,21
7379,30
7380,30
7381,5
7382,11
7383,30
7384,29
7385,24
7386,5
7387,14
7388,6
7389,16
7390,10
7391,12
7392,27
7393,10
7394,27
7395,4
7396,7
7397,1
7398,6
7399,10
7400,2
7401,9
7402,10
7403,12
7404,15
7405,5
7406,24
7407,10
7408,2
7409,29
7410,12
7411,10
7412,19
7413,16
7414,13
7415,7
7416,6
7417,28
7418,28
7419,1
7420,9
7421,29
7422,14
7423,4
7424,23
7425,11
7426,3
7427,29
7428,10
7429,18
7430,12
7431,11
7432,16
7433,16
7434,7
7435,15
7436,2
7437,13
7438,14
7439,10
7440,6
7441,19
7442,23
7443,29
7444,14
7445,16
7446,6
7447,20
7448,30
7449,3
7450,18
7451,23
7452,25
7453,7
7454,19
7455,30
7456,5
7457,12
7458,28
7459,29
7460,17
7461,24
7462,18
7463,7
7464,29
7465,13
7466,22
7467,9
7468,1
7469,18
7470,8
7471,3
7472,16
7473,12
7474,9
7475,18
7476,7
7477,30
7478,16
7479,8
7480,1
7481,1
7482,28
7483,16
7484,9
7485,8
7486,6
7487,27
7488,6
7489,6
7490,30
7491,15
7492,7
7493,16
7494,19
7495,20
7496,21
7497,26
7498,4
7499,16
7500,11
7501,20
7502,13
7503,20
7504,21
7505,10
7506,28
7507,2
7508,26
7509,18
7510,26
7511,18
7512,15
7513,3
7514,7
7515,2
7516,25
7517,17
7518,21
7519,22
7520,18
7521,5
7522,10
7523,5
7524,13
7525,13
7526,12
7527,27
7528,30
7529,10
7530,29
7531,24
7532,26
7533,26
7534,27
7535,24
7536,28
7537,20
7538,9
7539,6
7540,9
7541,4
7542,8
7543,2
7544,2
7545,13
7546,2
7547,5
7548,13
7549,30
7550,25
7551,13
7552,19
7553,3
7554,5
7555,16
7556,14
7557,19
7558,28
7559,9
7560,28
7561,1
7562,18
7563,23
7564,28
7565,19
7566,25
7567,2
7568,12
7569,20
7570,24
7571,11
7572,20
7573,23
7574,27
7575,27
7576,12
7577,6
7578,20
7579,3
7580,10
7581,10
7582,28
7583,21
7584,16
7585,11
7586,19
7587,6
7588,26
7589,5
7590,10
7591,7
7592,2
7593,11
7594,20
7595,12
7596,27
7597,22
7598,17
7599,11
7600,7
7601,25
7602,25
7603,2
7604,4
7605,2
7606,28
7607,5
7608,2
7609,14
7610,2
7611,9
7612,30
7613,22
7614,16
7615,26
7616,27
7617,8
7618,4
7619,12
7620,6
7621,5
7622,27
7623,6
7624,15
7625,14
7626,17
7627,28
7628,12
7629,24
7630,1
7631,22
7632,12
7633,12
7634,28
7635,17
7636,15
7637,10
7638,27
7639,29
7640,5
7641,14
7642,7
7643,23
7644,17
7645,3
7646,29
7647,10
7648,14
7649,20
7650,4
7651,6
7652,17
7653,19
7654,5
7655,8
7656,1
7657,24
7658,27
7659,27
7660,17
7661,23
7662,1
7663,1
7664,30
7665,29
7666,8
7667,27
7668,12
7669,1
7670,8
7671,11
7672,16
7673,25
7674,12
7675,4
7676,20
7677,9
7678,26
7679,15
7680,2
7681,13
7682,19
7683,12
7684,10
7685,26
7686,8
7687,4
7688,23
7689,18
7690,20
7691,12
7692,14
7693,26
7694,23
7695,13
7696,18
7697,16
7698,6
7699,23
7700,15
7701,21
7702,17
7703,29
7704,25
7705,30
7706,12
7707,15
7708,10
7709,24
7710,8
7711,20
7712,19
7713,19
7714,9
7715,16
7716,10
7717,17
7718,13
7719,24
7720,8
7721,18
7722,26
7723,15
7724,26
7725,12
7726,12
7727,10
7728,16
7729,1
7730,18
7731,15
7732,20
7733,19
7734,17
7735,29
7736,20
7737,14
7738,2
7739,28
7740,8
7741,17
7742,14
7743,30
7744,21
7745,23
7746,21
7747,11
7748,25
7749,30
7750,23
7751,24
7752,5
7753,3
7754,15
7755,17
7756,29
7757,28
7758,12
7759,12
7760,6
7761,18
7762,1
7763,1
7764,14
7765,11
7766,17
7767,23
7768,23
7769,24
7770,30
7771,7
7772,9
7773,28
7774,6
7775,24
7776,24
7777,3
7778,15
7779,13
7780,12
7781,28
7782,11
7783,18
7784,1
7785,7
7786,22
7787,20
7788,1
7789,15
7790,21
7791,23
7792,25
7793,11
7794,13
7795,10
7796,18
7797,19
7798,26
7799,9
7800,22
7801,18
7802,12
7803,9
7804,24
7805,11
7806,28
7807,26
7808,21
7809,13
7810,19
7811,25
7812,4
7813,2
7814,12
7815,8
7816,2
7817,27
7818,10
7819,19
7820,21
7821,30
7822,8
7823,19
7824,10
7825,11
7826,20
7827,2
7828,20
7829,26
7830,13
7831,22
7832,9
7833,7
7834,22
7835,15
7836,20
7837,16
7838,14
7839,28
7840,12
7841,11
7842,14
7843,8
7844,2
7845,18
7846,7
7847,3
7848,26
7849,8
7850,1
7851,19
7852,23
7853,4
7854,14
7855,16
7856,7
7857,19
7858,17
7859,15
7860,24
7861,30
7862,18
7863,1
7864,8
7865,17
7866,15
7867,30
7868,5
7869,7
7870,18
7871,9
7872,22
7873,15
7874,14
7875,24
7876,30
7877,16
7878,10
7879,6
7880,8
7881,28
7882,1
7883,12
7884,9
7885,21
7886,26
7887,19
7888,4
7889,24
7890,27
7891,15
7892,15
7893,3
7894,17
7895,20
7896,4
7897,30
7898,6
7899,6
7900,10
7901,8
7902,1
7903,14
7904,9
7905,27
7906,20
7907,8
7908,4
7909,16
7910,23
7911,12
7912,17
7913,18
7914,15
7915,5
7916,29
7917,13
7918,20
7919,10
7920,23
7921,4
7922,6
7923,23
7924,30
7925,5
7926,3
7927,19
7928,6
7929,26
7930,26
7931,27
7932,9
7933,26
7934,30
7935,8
7936,13
7937,5
7938,25
7939,2
7940,23
7941,2
7942,7
7943,1
7944,6
7945,6
7946,13
7947,17
7948,24
7949,12
7950,4
7951,4
7952,6
7953,2
7954,17
7955,21
7956,30
7957,10
7958,5
7959,23
7960,28
7961,23
7962,17
7963,28
7964,19
7965,18
7966,20
7967,21
7968,26
7969,13
7970,1
7971,11
7972,26
7973,13
7974,20
7975,13
7976,9
7977,7
7978,2
7979,5
7980,8
7981,28
7982,26
7983,21
7984,6
7985,21
7986,3
7987,7
7988,27
7989,26
7990,12
7991,23
7992,21
7993,14
7994,1
7995,19
7996,11
7997,23
7998,26
7999,5
8000,17
8001,1
8002,26
8003,30
8004,29
8005,26
8006,9
8007,13
8008,30
8009,25
8010,19
8011,16
8012,2
8013,15
8014,17
8015,15
8016,26
8017,25
8018,10
8019,2
8020,24
8021,18
8022,2
8023,5
8024,9
8025,21
8026,17
8027,22
8028,7
8029,25
8030,6
8031,16
8032,29
8033,8
8034,21
8035,2
8036,15
8037,26
8038,29
8039,5
8040,22
8041,8
8042,20
8043,22
8044,22
8045,5
8046,5
8047,12
8048,20
8049,5
8050,11
8051,8
8052,22
8053,14
8054,19
8055,14
8056,7
8057,2
8058,25
8059,7
8060,2
8061,12
8062,23
8063,15
8064,11
8065,1
8066,20
8067,26
8068,20
8069,14
8070,24
8071,27
8072,4
8073,7
8074,15
8075,29
8076,16
8077,22
8078,14
8079,27
8080,11
8081,8
8082,14
8083,6
8084,13
8085,22
8086,11
8087,10
8088,9
8089,1
8090,2
8091,25
8092,14
8093,13
8094,20
8095,10
8096,4
8097,22
8098,22
8099,1
8100,14
8101,10
8102,13
8103,20
8104,7
8105,30
8106,22
8107,15
8108,13
8109,16
8110,5
8111,20
8112,12
8113,16
8114,17
8115,1
8116,7
8117,23
8118,30
8119,5
8120,20
8121,25
8122,17
8123,15
8124,9
8125,29
8126,14
8127,13
8128,9
8129,23
8130,17
8131,4
8132,5
8133,20
8134,27
8135,10
8136,3
8137,3
8138,20
8139,29
8140,26
8141,23
8142,4
8143,8
8144,2
8145,30
8146,1
8147,8
8148,18
8149,1
8150,23
8151,17
8152,23
8153,24
8154,24
8155,1
8156,29
8157,15
8158,8
8159,30
8160,6
8161,24
8162,7
8163,17
8164,27
8165,26
8166,8
8167,5
8168,15
8169,7
8170,24
8171,18
8172,29
8173,8
8174,30
8175,26
8176,26
8177,5
8178,28
8179,22
8180,22
8181,15
8182,29
8183,26
8184,12
8185,3
8186,16
8187,25
8188,9
8189,3
8190,17
8191,18
8192,27
8193,18
8194,11
8195,13
8196,20
8197,8
8198,4
8199,4
8200,25
8201,26
8202,22
8203,6
8204,3
8205,5
8206,4
8207,13
8208,8
8209,7
8210,23
8211,17
8212,1
8213,4
8214,28
8215,26
8216,24
8217,2
8218,21
8219,18
8220,9
8221,2
8222,18
8223,6
8224,27
8225,19
8226,28
8227,12
8228,30
8229,3
8230,30
8231,3
8232,7
8233,30
8234,23
8235,20
8236,19
8237,29
8238,25
8239,28
8240,1
8241,7
8242,22
8243,6
8244,20
8245,5
8246,27
8247,20
8248,25
8249,21
8250,16
8251,2
8252,18
8253,5
8254,8
8255,20
8256,12
8257,9
8258,4
8259,18
8260,28
8261,6
8262,26
8263,10
8264,27
8265,15
8266,5
8267,16
8268,17
8269,6
8270,13
8271,21
8272,20
8273,21
8274,25
8275,14
8276,4
8277,4
8278,27
8279,2
8280,24
8281,14
8282,5
8283,1
8284,10
8285,9
8286,8
8287,16
8288,21
8289,22
8290,21
8291,16
8292,18
8293,11
8294,1
8295,28
8296,25
8297,4
8298,8
8299,5
8300,6
8301,29
8302,7
8303,14
8304,27
8305,17
8306,12
8307,2
8308,20
8309,19
8310,12
8311,20
8312,14
8313,21
8314,7
8315,7
8316,18
8317,20
8318,21
8319,4
8320,29
8321,7
8322,3
8323,12
8324,3
8325,26
8326,5
8327,7
8328,22
8329,8
8330,13
8331,18
8332,13
8333,15
8334,29
8335,22
8336,23
8337,9
8338,4
8339,10
8340,8
8341,10
8342,7
8343,23
8344,6
8345,12
8346,23
8347,8
8348,16
8349,9
8350,7
8351,26
8352,16
8353,6
8354,9
8355,4
8356,14
8357,9
8358,27
8359,21
8360,27
8361,28
8362,21
8363,22
8364,21
8365,9
8366,2
8367,4
8368,24
8369,28
8370,17
8371,24
8372,26
8373,28
8374,8
8375,12
8376,2
8377,2
8378,13
8379,16
8380,14
8381,13
8382,25
8383,27
8384,3
8385,12
8386,10
8387,21
8388,30
8389,16
8390,18
8391,19
8392,7
8393,16
8394,12
8395,24
8396,9
8397,9
8398,10
8399,17
8400,3
8401,26
8402,9
8403,11
8404,12
8405,1
8406,19
8407,18
8408,1
8409,9
8410,1
8411,5
8412,5
8413,21
8414,30
8415,14
8416,21
8417,19
8418,27
8419,23
8420,3
8421,3
8422,8
8423,23
8424,10
8425,16
8426,5
8427,16
8428,25
8429,4
8430,13
8431,29
8432,16
8433,28
8434,30
8435,1
8436,7
8437,27
8438,26
8439,4
8440,12
8441,20
8442,24
8443,8
8444,16
8445,6
8446,7
8447,21
8448,30
8449,23
8450,28
8451,4
8452,29
8453,8
8454,27
8455,14
8456,11
8457,5
8458,9
8459,17
8460,5
8461,24
8462,15
8463,4
8464,26
8465,10
8466,4
8467,12
8468,26
8469,4
8470,21
8471,14
8472,1
8473,30
8474,4
8475,11
8476,2
8477,19
8478,5
8479,13
8480,4
8481,11
8482,4
8483,23
8484,26
8485,3
8486,3
8487,13
8488,24
8489,29
8490,10
8491,6
8492,26
8493,8
8494,20
8495,21
8496,28
8497,8
8498,20
8499,25
8500,23
8501,23
8502,23
8503,18
8504,7
8505,27
8506,30
8507,7
8508,8
8509,10
8510,12
8511,6
8512,26
8513,2
8514,22
8515,23
8516,30
8517,19
8518,9
8519,2
8520,8
8521,21
8522,1
8523,8
8524,27
8525,8
8526,23
8527,5
8528,26
8529,2
8530,29
8531,2
8532,19
8533,25
8534,16
8535,1
8536,6
8537,12
8538,30
8539,14
8540,20
8541,9
8542,18
8543,30
8544,13
8545,5
8546,5
8547,10
8548,27
8549,29
8550,16
8551,7
8552,27
8553,3
8554,18
8555,20
8556,6
8557,7
8558,30
8559,3
8560,24
8561,22
8562,12
8563,5
8564,13
8565,1
8566,21
8567,12
8568,9
8569,15
8570,10
8571,8
8572,9
8573,8
8574,8
8575,19
8576,5
8577,29
8578,12
8579,28
8580,28
8581,23
8582,12
8583,29
8584,12
8585,18
8586,18
8587,18
8588,25
8589,13
8590,23
8591,24
8592,27
8593,12
8594,3
8595,7
8596,12
8597,8
8598,11
8599,6
8600,16
8601,9
8602,24
8603,26
8604,27
8605,20
8606,11
8607,5
8608,17
8609,25
8610,14
8611,6
8612,28
8613,16
8614,5
8615,16
8616,9
8617,2
8618,14
8619,8
8620,9
8621,6
8622,19
8623,27
8624,2
8625,8
8626,8
8627,6
8628,22
8629,25
8630,15
8631,2
8632,29
8633,25
8634,11
8635,13
8636,2
8637,7
8638,7
8639,20
8640,30
8641,5
8642,6
8643,5
8644,10
8645,23
8646,17
8647,7
8648,16
8649,20
8650,26
8651,3
8652,16
8653,7
8654,15
8655,27
8656,2
8657,17
8658,25
8659,10
8660,21
8661,7
8662,2
8663,9
8664,9
8665,12
8666,8
8667,6
8668,26
8669,14
8670,24
8671,13
8672,13
8673,19
8674,5
8675,21
8676,1
8677,17
8678,3
8679,25
8680,20
8681,28
8682,13
8683,22
8684,13
8685,26
8686,16
8687,23
8688,20
8689,16
8690,22
8691,24
8692,18
8693,26
8694,20
8695,20
8696,21
8697,23
8698,13
8699,30
8700,28
8701,6
8702,19
8703,20
8704,6
8705,29
8706,11
8707,9
8708,30
8709,20
8710,10
8711,15
8712,14
8713,3
8714,30
8715,25
8716,12
8717,20
8718,28
8719,10
8720,8
8721,27
8722,11
8723,2
8724,6
8725,28
8726,19
8727,4
8728,5
8729,28
8730,17
8731,8
8732,4
8733,15
8734,24
8735,15
8736,30
8737,22
8738,22
8739,18
8740,25
8741,4
8742,13
8743,1
8744,18
8745,1
8746,13
8747,20
8748,9
8749,19
8750,3
8751,25
8752,21
8753,10
8754,4
8755,21
8756,13
8757,26
8758,3
8759,23
8760,2
8761,17
8762,9
8763,19
8764,5
8765,3
8766,2
8767,7
8768,5
8769,27
8770,25
8771,1
8772,28
8773,19
8774,27
8775,2
8776,18
8777,22
8778,9
8779,3
8780,9
8781,17
8782,11
8783,2
8784,3
8785,17
8786,5
8787,17
8788,14
8789,2
8790,27
8791,16
8792,3
8793,29
8794,18
8795,29
8796,19
8797,24
8798,30
8799,15
8800,5
8801,11
8802,4
8803,7
8804,9
8805,14
8806,27
8807,6
8808,27
8809,22
8810,15
8811,16
8812,24
8813,4
8814,23
8815,2
8816,12
8817,16
8818,1
8819,30
8820,25
8821,14
8822,22
8823,24
8824,6
8825,20
8826,17
8827,1
8828,12
8829,21
8830,19
8831,4
8832,26
8833,19
8834,15
8835,21
8836,8
8837,20
8838,25
8839,22
8840,5
8841,21
8842,26
8843,5
8844,17
8845,5
8846,10
8847,2
8848,15
8849,20
8850,1
8851,3
8852,2
8853,3
8854,13
8855,30
8856,27
8857,6
8858,17
8859,16
8860,1
8861,9
8862,1
8863,11
8864,6
8865,10
8866,7
8867,6
8868,11
8869,23
8870,29
8871,18
8872,9
8873,8
8874,13
8875,8
8876,17
8877,2
8878,24
8879,23
8880,29
8881,10
8882,28
8883,6
8884,24
8885,2
8886,1
8887,8
8888,6
8889,19
8890,26
8891,21
8892,9
8893,19
8894,16
8895,25
8896,14
8897,17
8898,9
8899,5
8900,15
8901,20
8902,3
8903,19
8904,23
8905,6
8906,5
8907,20
8908,12
8909,29
8910,26
8911,10
8912,1
8913,21
8914,27
8915,21
8916,10
8917,19
8918,11
8919,5
8920,7
8921,12
8922,25
8923,21
8924,29
8925,13
8926,11
8927,13
8928,26
8929,21
8930,25
8931,22
8932,19
8933,2
8934,10
8935,28
8936,19
8937,26
8938,28
8939,21
8940,18
8941,9
8942,11
8943,5
8944,2
8945,4
8946,9
8947,15
8948,12
8949,8
8950,10
8951,8
8952,13
8953,3
8954,26
8955,2
8956,6
8957,25
8958,11
8959,15
8960,18
8961,2
8962,27
8963,23
8964,8
8965,1
8966,15
8967,30
8968,25
8969,5
8970,23
8971,15
8972,5
8973,22
8974,30
8975,9
8976,16
8977,17
8978,21
8979,4
8980,29
8981,20
8982,8
8983,7
8984,8
8985,22
8986,30
8987,14
8988,3
8989,15
8990,27
8991,14
8992,20
8993,7
8994,30
8995,30
8996,17
8997,19
8998,16
8999,15
9000,26
9001,17
9002,11
9003,14
9004,7
9005,29
9006,24
9007,7
9008,20
9009,19
9010,12
9011,27
9012,2
9013,24
9014,20
9015,30
9016,30
9017,17
9018,29
9019,23
9020,9
9021,3
9022,18
9023,10
9024,2
9025,5
9026,2
9027,12
9028,13
9029,18
9030,3
9031,10
9032,1
9033,26
9034,15
9035,23
9036,1
9037,27
9038,14
9039,12
9040,14
9041,7
9042,7
9043,6
9044,1
9045,16
9046,29
9047,15
9048,24
9049,8
9050,8
9051,5
9052,25
9053,1
9054,20
9055,17
9056,14
9057,25
9058,6
9059,3
9060,19
9061,18
9062,3
9063,28
9064,17
9065,24
9066,28
9067,7
9068,23
9069,30
9070,1
9071,11
9072,23
9073,1
9074,7
9075,18
9076,5
9077,30
9078,23
9079,12
9080,1
9081,13
9082,20
9083,24
9084,2
9085,14
9086,10
9087,5
9088,9
9089,22
9090,11
9091,15
9092,26
9093,15
9094,7
9095,1
9096,24
9097,29
9098,4
9099,2
9100,17
9101,8
9102,13
9103,10
9104,16
9105,1
9106,21
9107,10
9108,27
9109,26
9110,4
9111,18
9112,13
9113,3
9114,30
9115,26
9116,14
9117,10
9118,22
9119,12
9120,29
9121,11
9122,22
9123,11
9124,7
9125,12
9126,7
9127,5
9128,28
9129,19
9130,26
9131,4
9132,6
9133,3
9134,3
9135,10
9136,29
9137,13
9138,19
9139,4
9140,26
9141,6
9142,5
9143,2
9144,4
9145,4
9146,20
9147,27
9148,4
9149,6
9150,5
9151,2
9152,9
9153,8
9154,15
9155,3
9156,18
9157,23
9158,16
9159,27
9160,10
9161,11
9162,4
9163,6
9164,24
9165,19
9166,30
9167,3
9168,5
9169,24
9170,20
9171,23
9172,9
9173,17
9174,18
9175,2
9176,7
9177,21
9178,3
9179,11
9180,28
9181,10
9182,2
9183,13
9184,19
9185,29
9186,11
9187,4
9188,6
9189,19
9190,6
9191,1
9192,24
9193,30
9194,13
9195,14
9196,8
9197,29
9198,12
9199,18
9200,24
9201,6
9202,18
9203,28
9204,15
9205,30
9206,28
9207,26
9208,12
9209,20
9210,17
9211,21
9212,1
9213,15
9214,24
9215,24
9216,3
9217,27
9218,17
9219,14
9220,1
9221,27
9222,13
9223,15
9224,14
9225,25
9226,4
9227,14
9228,19
9229,27
9230,9
9231,2
9232,20
9233,15
9234,7
9235,4
9236,29
9237,8
9238,9
9239,19
9240,2
9241,19
9242,20
9243,15
9244,25
9245,9
9246,1
9247,26
9248,29
9249,5
9250,28
9251,16
9252,30
9253,15
9254,7
9255,10
9256,20
9257,17
9258,7
9259,30
9260,5
9261,1
9262,16
9263,22
9264,27
9265,18
9266,1
9267,18
9268,26
9269,12
9270,28
9271,9
9272,10
9273,11
9274,16
9275,1
9276,15
9277,1
9278,26
9279,20
9280,28
9281,15
9282,18
9283,3
9284,15
9285,9
9286,16
9287,1
9288,4
9289,12
9290,1
9291,24
9292,29
9293,17
9294,19
9295,16
9296,24
9297,18
9298,8
9299,6
9300,4
9301,8
9302,22
9303,27
9304,24
9305,3
9306,29
9307,17
9308,25
9309,24
9310,8
9311,15
9312,22
9313,18
9314,25
9315,4
9316,21
9317,12
9318,27
9319,24
9320,12
9321,21
9322,27
9323,22
9324,13
9325,27
9326,23
9327,1
9328,23
9329,16
9330,9
9331,7
9332,9
9333,6
9334,15
9335,25
9336,9
9337,15
9338,20
9339,2
9340,13
9341,13
9342,30
9343,18
9344,27
9345,5
9346,1
9347,21
9348,29
9349,26
9350,12
9351,7
9352,21
9353,2
9354,10
9355,14
9356,3
9357,18
9358,29
9359,4
9360,22
9361,30
9362,28
9363,13
9364,27
9365,10
9366,2
9367,11
9368,15
9369,18
9370,2
9371,25
9372,22
9373,14
9374,3
9375,20
9376,25
9377,17
9378,4
9379,3
9380,4
9381,16
9382,24
9383,4
9384,26
9385,2
9386,23
9387,13
9388,3
9389,2
9390,28
9391,25
9392,3
9393,3
9394,27
9395,21
9396,11
9397,9
9398,1
9399,26
9400,13
9401,16
9402,12
9403,23
9404,11
9405,4
9406,19
9407,13
9408,28
9409,30
9410,3
9411,9
9412,2
9413,25
9414,13
9415,28
9416,22
9417,27
9418,25
9419,19
9420,11
9421,26
9422,2
9423,27
9424,6
9425,19
9426,29
9427,19
9428,22
9429,9
9430,30
9431,2
9432,1
9433,30
9434,9
9435,8
9436,7
9437,5
9438,21
9439,7
9440,2
9441,2
9442,23
9443,27
9444,27
9445,12
9446,7
9447,24
9448,8
9449,20
9450,5
9451,11
9452,3
9453,18
9454,20
9455,13
9456,10
9457,1
9458,11
9459,13
9460,8
9461,30
9462,15
9463,12
9464,4
9465,9
9466,4
9467,28
9468,8
9469,26
9470,17
9471,5
9472,16
9473,6
9474,29
9475,20
9476,11
9477,28
9478,3
9479,6
9480,6
9481,1
9482,11
9483,18
9484,20
9485,9
9486,2
9487,11
9488,28
9489,1
9490,19
9491,3
9492,24
9493,24
9494,18
9495,13
9496,10
9497,12
9498,20
9499,6
9500,28
9501,27
9502,3
9503,1
9504,16
9505,26
9506,22
9507,8
9508,14
9509,28
9510,5
9511,28
9512,20
9513,18
9514,3
9515,21
9516,7
9517,15
9518,23
9519,20
9520,4
9521,10
9522,23
9523,15
9524,20
9525,27
9526,13
9527,15
9528,19
9529,4
9530,14
9531,30
9532,1
9533,3
9534,3
9535,16
9536,5
9537,24
9538,5
9539,27
9540,11
9541,30
9542,18
9543,2
9544,5
9545,20
9546,3
9547,27
9548,15
9549,10
9550,5
9551,7
9552,6
9553,13
9554,27
9555,17
9556,8
9557,1
9558,9
9559,25
9560,13
9561,12
9562,7
9563,27
9564,6
9565,9
9566,28
9567,4
9568,4
9569,13
9570,29
9571,3
9572,16
9573,23
9574,28
9575,22
9576,5
9577,28
9578,13
9579,1
9580,30
9581,25
9582,20
9583,6
9584,16
9585,14
9586,3
9587,5
9588,9
9589,20
9590,1
9591,4
9592,12
9593,10
9594,25
9595,16
9596,23
9597,29
9598,5
9599,9
9600,13
9601,29
9602,14
9603,11
9604,30
9605,27
9606,14
9607,7
9608,1
9609,30
9610,5
9611,8
9612,30
9613,26
9614,5
9615,23
9616,4
9617,4
9618,23
9619,9
9620,12
9621,28
9622,17
9623,14
9624,30
9625,16
9626,3
9627,6
9628,24
9629,19
9630,26
9631,27
9632,27
9633,3
9634,14
9635,27
9636,25
9637,4
9638,2
9639,3
9640,17
9641,28
9642,12
9643,8
9644,29
9645,30
9646,29
9647,27
9648,14
9649,9
9650,24
9651,7
9652,11
9653,1
9654,30
9655,27
9656,28
9657,5
9658,16
9659,14
9660,23
9661,13
9662,16
9663,30
9664,8
9665,17
9666,18
9667,2
9668,19
9669,6
9670,29
9671,8
9672,21
9673,5
9674,17
9675,17
9676,23
9677,15
9678,6
9679,6
9680,18
9681,13
9682,27
9683,9
9684,20
9685,4
9686,24
9687,28
9688,2
9689,27
9690,26
9691,17
9692,20
9693,20
9694,17
9695,22
9696,17
9697,1
9698,26
9699,26
9700,22
9701,9
9702,29
9703,15
9704,7
9705,11
9706,25
9707,25
9708,25
9709,18
9710,11
9711,23
9712,18
9713,4
9714,30
9715,8
9716,15
9717,3
9718,13
9719,17
9720,23
9721,19
9722,14
9723,3
9724,12
9725,10
9726,26
9727,29
9728,7
9729,15
9730,13
9731,23
9732,19
9733,30
9734,9
9735,13
9736,9
9737,1
9738,7
9739,3
9740,24
9741,19
9742,30
9743,8
9744,10
9745,2
9746,22
9747,2
9748,22
9749,1
9750,21
9751,3
9752,23
9753,4
9754,11
9755,30
9756,6
9757,29
9758,10
9759,9
9760,22
9761,30
9762,13
9763,23
9764,29
9765,6
9766,4
9767,11
9768,15
9769,5
9770,28
9771,30
9772,3
9773,27
9774,29
9775,10
9776,17
9777,7
9778,18
9779,25
9780,15
9781,29
9782,25
9783,8
9784,7
9785,23
9786,5
9787,24
9788,19
9789,17
9790,29
9791,30
9792,30
9793,6
9794,18
9795,14
9796,27
9797,23
9798,4
9799,24
9800,9
9801,18
9802,15
9803,22
9804,1
9805,14
9806,23
9807,1
9808,22
9809,2
9810,26
9811,2
9812,10
9813,30
9814,24
9815,30
9816,25
9817,23
9818,20
9819,8
9820,19
9821,18
9822,14
9823,8
9824,4
9825,3
9826,13
9827,19
9828,12
9829,1
9830,6
9831,28
9832,16
9833,23
9834,12
9835,4
9836,30
9837,13
9838,17
9839,9
9840,2
9841,8
9842,11
9843,30
9844,18
9845,24
9846,15
9847,14
9848,29
9849,24
9850,4
9851,19
9852,3
9853,24
9854,8
9855,19
9856,29
9857,6
9858,14
9859,25
9860,4
9861,3
9862,17
9863,8
9864,28
9865,15
9866,15
9867,10
9868,26
9869,15
9870,11
9871,25
9872,23
9873,6
9874,9
9875,1
9876,22
9877,13
9878,13
9879,25
9880,9
9881,12
9882,30
9883,2
9884,18
9885,15
9886,8
9887,10
9888,28
9889,22
9890,4
9891,22
9892,23
9893,9
9894,8
9895,10
9896,23
9897,6
9898,11
9899,17
9900,3
9901,16
9902,5
9903,11
9904,28
9905,9
9906,23
9907,20
9908,1
9909,24
9910,7
9911,13
9912,9
9913,5
9914,19
9915,13
9916,30
9917,16
9918,17
9919,11
9920,30
9921,4
9922,5
9923,14
9924,18
9925,21
9926,28
9927,18
9928,19
9929,29
9930,2
9931,20
9932,27
9933,24
9934,14
9935,12
9936,5
9937,17
9938,14
9939,29
9940,24
9941,5
9942,13
9943,30
9944,4
9945,23
9946,17
9947,18
9948,15
9949,4
9950,4
9951,4
9952,2
9953,25
9954,7
9955,27
9956,16
9957,28
9958,23
9959,6
9960,20
9961,20
9962,15
9963,1
9964,22
9965,18
9966,3
9967,8
9968,14
9969,26
9970,4
9971,22
9972,22
9973,29
9974,25
9975,20
9976,2
9977,17
9978,26
9979,26
9980,28
9981,10
9982,1
9983,2
9984,3
9985,2
9986,2
9987,19
9988,27
9989,20
9990,12
9991,18
9992,27
9993,12
9994,22
9995,16
9996,9
9997,14
9998,9
9999,24
10000,15
